t,f_01,f_02,f_05,f_1,f_2,f_5
0,0,0,0,0,0,0
0.000601202404809619,0,0,0,0,0,0
0.00120240480961924,0,0,0,0,0,0
0.00180360721442886,0,0,0,0,0,0
0.00240480961923848,0,0,0,0,0,0
0.0030060120240481,54.4866838538679,53.8676454488728,53.3926796866312,46.7465852172332,47.5608095017077,0
0.00360721442885772,1341.42696213366,666.574540208639,261.182786166243,120.05146077138,84.5001688683632,73.1812207359586
0.00420841683366734,2094.15440259771,1128.00662364213,480.716065064752,323.239364462446,158.370121924584,115.155139629186
0.00480961923847695,1894.8945393071,1020.7149318177,435.073810460945,292.515595303615,143.398332519634,148.416057261706
0.00541082164328657,1737.44158023269,928.141208819484,395.680962722803,265.997148210499,130.467277877838,135.085265961825
0.00601202404809619,1954.48553454143,1043.7810360829,430.2582927366,267.638618028071,138.979104751115,123.45393536166
0.00661322645290581,3479.45532548372,1746.69913976821,713.55980892031,358.249201171742,178.711137719362,113.220814899473
0.00721442885771543,5193.57527216978,2624.32781399156,1054.90099747937,566.279408638986,262.797073220226,149.105079963903
0.00781563126252505,7832.46845317835,3954.29632043769,1602.74266321188,827.606211656119,410.681402992993,199.877415959579
0.00841683366733467,9902.09666875906,4973.6175387795,2009.22091877902,1036.6381621445,514.276156632172,256.554257308367
0.00901803607214429,11705.2098774841,5879.7843786428,2359.70816002128,1196.09926151633,601.642170621675,305.541893754911
0.00961923847695391,12676.7158408872,6359.79943107131,2580.90369159327,1294.96429953249,651.062767250915,354.769684650052
0.0102204408817635,12804.7733792311,6402.5571563341,2663.83731211317,1337.44075829384,664.411027568923,396.774193548387
0.0108216432865731,12804.7733792314,6409.15298177103,2663.83731211318,1337.44075829384,664.411027568922,396.774193548387
0.0114228456913828,12862.6457698706,6460.65828018663,2694.453378668,1343.48987051238,664.691176835621,396.774193548387
0.0120240480961924,14288.264356434,7141.99008127256,2910.26499941725,1469.21586053921,723.790981911967,396.774193548387
0.012625250501002,16247.4506316376,8108.131623236,3326.93620955276,1648.52553000348,818.684369769984,409.383891335088
0.0132264529058116,18332.4534226387,9166.91311717389,3741.45776174984,1860.99684891558,923.115862824557,447.922486094085
0.0138276553106212,20451.8458412331,10228.954961527,4164.64285721004,2072.63444248879,1027.29925963545,502.227542064294
0.0144288577154309,22428.5615555638,11216.8099754064,4552.75000347556,2258.37190969617,1126.15689182012,528.138197100199
0.0150300601202405,24093.8357209363,12075.7430519198,4871.64596212761,2451.61101341972,1195.93984962406,594.038643236397
0.0156312625250501,24142.3331420923,12137.4278215221,4928.09902740938,2541.13744075829,1195.93984962406,629.494364406457
0.0162324649298597,24142.3331420911,12137.4278215222,4928.09902740938,2541.13744075829,1195.93984962406,661.290322580647
0.0168336673346693,24153.7232512291,12137.4278215222,4928.09902740936,2541.1374407583,1195.93984962406,661.290322580645
0.017434869739479,24648.8232140903,12348.1758353337,5020.49570018117,2561.10769468485,1207.56929081843,661.290322580645
0.0180360721442886,26317.6753845133,13180.1786613315,5255.31578057853,2681.6932570416,1278.27404062082,661.290322580647
0.0186372745490982,27416.0845280353,13743.6278250069,5471.44771784723,2774.62324141867,1324.98257456073,661.218086329477
0.0192384769539078,28785.3983151072,14371.8329161535,5770.58243159979,2871.73575898141,1384.42863762898,645.191558915628
0.0198396793587174,30850.3113724101,15407.7178795415,6194.27443780845,3074.02129004554,1478.33939063043,620.970537579061
0.0204408817635271,32704.14614843,16339.8848536904,6562.03318701306,3273.22071443814,1554.77192095985,677.777061293867
0.0210420841683367,33299.7814151624,16670.1460624792,6740.70245745343,3311.12054069378,1579.1297633019,727.419354838709
0.0216432865731463,31563.9712894715,15807.2103151065,6415.89754221082,3193.49532885372,1528.18753232929,778.653331598909
0.0222444889779559,29521.2805622195,14786.590345617,6014.4029068823,2969.93253941605,1445.32699484182,762.914612786217
0.0228456913827655,27397.8029764144,13748.5478357339,5596.40880141915,2789.19919325816,1317.4268448334,727.419354838709
0.0234468937875751,26467.423712651,13262.9431409199,5378.52478008022,2674.78212141615,1302.93335209612,668.051448616783
0.0240480961923848,26613.1515557457,13343.7248928447,5398.79635700122,2702.88702824477,1300.43576556794,624.033370979892
0.0246492985971944,27764.8314796035,13879.0167614916,5510.4626059609,2822.28358715603,1359.59015643716,627.668849727641
0.025250501002004,29776.5008088525,14935.702849274,5935.77620106843,3011.84332032817,1436.40760923591,617.664157595079
0.0258517034068136,31745.2341611881,15910.4823005951,6324.4768575043,3208.35172072405,1528.14536340852,637.183934966417
0.0264529058116232,33283.4215436648,16735.6654267801,6623.10238527475,3365.93483988447,1592.94754497555,706.227672677092
0.0270541082164329,31752.9961262623,16011.8002705096,6389.75507799197,3343.47956823604,1536.39609624934,736.88521883725
0.0276553106212425,29816.7277130206,15035.8664498758,5989.95365385864,3141.58852640177,1460.23899228967,793.462945083516
0.0282565130260521,27704.8766598205,13976.6442604452,5582.55580877494,2929.55033780102,1334.09291247034,735.849110346075
0.0288577154308617,26018.2834325877,13121.3845510452,5251.80108781844,2724.38681705654,1286.83094483119,717.313781732957
0.0294589178356713,25908.7503308554,13019.3623945054,5229.10653278379,2704.00855160113,1295.43474356291,661.310127978764
0.030060120240481,26692.3808122596,13320.23304006,5380.6534868417,2748.31313820691,1330.99316731223,631.56274986717
0.0306613226452906,28379.6490943635,14219.2418355552,5644.61590509794,2858.59318918774,1410.85801687696,642.890273394904
0.0312625250501002,30432.3443138087,15250.0531501304,6047.36730591636,3055.895440209,1499.10078235768,650.780072178493
0.0318637274549098,32211.313618684,16142.4442543169,6421.12145875753,3252.11945726872,1586.21152462356,682.509740540395
0.0324649298597194,32278.6995601458,16138.7776527931,6437.42413033427,3306.99362693512,1586.29722607099,724.794776082842
0.0330661322645291,30491.1260386519,15262.7974434056,6118.20870250096,3151.74734750671,1490.85607296811,768.975065519989
0.0336673346693387,28437.1143595732,14238.4056229074,5698.94540945328,2935.07680474775,1388.91354491373,784.437107235346
0.0342685370741483,26400.7738211159,13241.3080615762,5311.21936107414,2756.50585336853,1305.37057365541,729.91287492076
0.0348697394789579,25927.9152305513,12985.2506317069,5180.35031029041,2642.54537106623,1287.3523481275,707.198183966811
0.0354709418837675,26105.8095132855,13066.4075856767,5254.56563053519,2649.94747215337,1331.7415397939,652.376978835783
0.0360721442885772,27428.9228045374,13731.8526536572,5396.84456167858,2785.3562305477,1393.57159763872,635.18545715291
0.0366733466933868,29441.0330426245,14739.8144837692,5813.87546584028,2995.73435783462,1494.19324340472,644.863870361356
0.0372745490981964,31338.1351745379,15680.8035273125,6190.4290474402,3174.22253392388,1567.71055360803,657.482575597007
0.037875751503006,32528.9545546809,16242.6800904628,6393.19888885317,3293.28908777721,1594.58646616541,700.983774297304
0.0384769539078156,31334.3627291788,15693.944860603,6201.06084655401,3209.8578199052,1527.56206695312,732.166559486281
0.0390781563126252,29418.698880072,14733.2822212376,5827.41103781385,3031.10420206769,1428.99332545173,793.548387096773
0.0396793587174349,27337.797845132,13673.809663766,5400.55054920542,2821.4464984535,1328.79463093711,790.702236692038
0.0402805611222445,26356.2377912785,13206.4590571741,5195.99469124851,2685.97384286433,1318.16549106446,727.419354838704
0.0408817635270541,26319.9744981627,13168.4103002942,5245.40071603517,2645.54265994242,1331.77148764946,671.42672594053
0.0414829659318637,26925.5546452089,13457.8964044218,5358.50531487611,2702.09015137243,1383.52159869832,649.787283140581
0.0420841683366733,29031.2978057867,14426.9620119565,5737.931583603,2833.73813621947,1469.02293761948,646.158669625783
0.042685370741483,31018.1875187783,15408.6424620009,6111.67824597024,3009.24170616111,1532.97379033555,651.085148059974
0.0432865731462926,32701.1896252673,16245.5591216183,6477.34927943024,3164.02568169513,1594.51604533396,677.469138627936
0.0438877755511022,32280.9127023168,16158.7765539386,6443.91087136338,3203.17624823306,1546.89006928719,725.3484468774
0.0444889779559118,30500.8807852757,15290.3094412217,6126.82581786027,3043.15144141899,1460.42328550782,755.420440722183
0.0450901803607214,28446.679653747,14261.2852457265,5689.94669904699,2817.37525646852,1377.35214981978,782.262626984952
0.0456913827655311,27020.2410816628,13478.8692739365,5412.79188530571,2683.9052989765,1358.11619777528,734.878761890591
0.0462925851703407,26748.9178136962,13422.9921472762,5346.84423351038,2619.5891361126,1336.32464772879,718.474450728601
0.0468937875751503,27041.1407293418,13683.0714003137,5434.3476001144,2639.55090486293,1378.93630927301,661.489712391175
0.0474949899799599,28676.0690479962,14360.5388869462,5727.64671442461,2800.77447235371,1452.79203261852,656.096583039472
0.0480961923847695,30736.6045196953,15392.3126429211,6141.76994742499,2991.940066285,1528.14536340853,620.107887357515
0.0486973947895792,32559.4709866932,16302.7899780823,6476.25571667981,3143.60693653728,1594.58646616543,628.987554459635
0.0492985971943888,33271.8191765405,16730.9266640201,6620.12157956136,3307.11837467085,1569.50581186541,690.254286320598
0.0498997995991984,31616.6650588959,15897.8146018318,6347.58386094985,3208.24250494617,1482.13269432721,727.419354838712
0.050501002004008,29612.6463605951,14918.8037750284,5936.03660162253,3014.62509254526,1405.28895809641,793.548387096773
0.0511022044088176,27711.2493492038,13922.5676703145,5570.84919597986,2850.89101148839,1337.98734474272,791.096889192596
0.0517034068136273,27235.7409285245,13655.8561579549,5449.83810940902,2742.95123795704,1328.54052874508,727.419354838704
0.0523046092184369,27408.6762848524,13791.4097135545,5549.71899019461,2734.0794879824,1347.18068556623,686.729196842025
0.0529058116232465,28392.9989905984,14239.7126458297,5718.06573002237,2830.60898924819,1429.15549349358,646.65427277761
0.0535070140280561,30464.4754347068,15303.1599914749,6133.63221580204,3026.68603013093,1520.88683675928,612.61688675884
0.0541082164328657,32388.3387345253,16262.6671415569,6502.97939823064,3219.43968505731,1592.09075764454,605.110886195953
0.0547094188376754,33926.1597078169,17051.4386211439,6855.98520520863,3373.24677974577,1594.58646616541,663.171342833894
0.055310621242485,32762.0001229066,16604.8474553036,6662.34065768031,3363.97774096582,1508.97197904582,726.587458083082
0.0559118236472946,30840.6563323637,15648.3965869506,6283.70873554943,3198.30028375458,1398.9913159653,743.410592208011
0.0565130260521042,28769.7105370111,14595.1935120503,5915.1428020124,2995.15541952424,1329.17943097017,790.32194836605
0.0571142284569138,27764.4867167526,14047.1872633229,5660.3112485149,2859.91479119378,1326.48866287813,738.613547828965
0.0577154308617234,27712.6710716895,14001.4255169034,5654.51844280899,2835.07636742009,1375.8983878854,725.875032459692
0.0583166332665331,28435.2042866962,14394.0964780132,5755.23307464762,2913.25944516445,1434.97074021686,657.072756428676
0.0589178356713427,30194.7135429248,15144.2821646163,6095.38656001775,3078.65527670752,1526.91680934626,623.553390666438
0.0595190380761523,32210.0497602298,16171.6418309846,6485.34488015065,3277.12873639838,1596.08364069988,642.923492374669
0.0601202404809619,33981.6926267973,17053.8437594683,6856.43752793885,3451.14396937442,1713.92991749189,658.366636691498
0.0607214428857715,34022.2362080661,17252.6418043804,6925.97701149386,3533.3980624737,1633.99937006569,700.117225237277
0.0613226452905812,32240.2852243617,16364.0667695431,6547.06590538524,3371.30513973596,1548.43267517459,727.419354838704
0.0619238476953908,30150.7146256622,15323.6736288518,6143.64162453995,3155.6759624193,1458.77362003038,769.63024730372
0.0625250501002004,28553.1421995416,14455.8311885127,5803.56358431285,2982.15582159063,1438.80204402205,765.238253736693
0.06312625250501,28266.7565074712,14289.6124993031,5714.14565243145,2886.32220750215,1452.91475917926,727.489526497047
0.0637274549098196,28514.9971323422,14499.0774951218,5842.78782387289,2920.02380055353,1502.32239745668,697.470017600404
0.0643286573146293,29863.2366626536,14972.0312558645,6058.75075470236,2991.31560110551,1584.34868779688,661.021156458488
0.0649298597194389,31982.4859868227,16037.5295703796,6472.50316656899,3203.12361032932,1663.56308316497,645.012527340176
0.0655310621242485,33886.4037209973,17003.3270920825,6848.08582542766,3405.43966342835,1749.48314286895,618.697826529806
0.0661322645290581,35154.0228161001,17701.8083600022,7083.93096583378,3498.39445972815,1799.6687677025,651.603789328484
0.0667334669338677,33689.5229971304,17099.6896530232,6821.58044422799,3469.96595038553,1724.2071821333,720.31945992334
0.0673346693386774,31686.2836522933,16102.1627449551,6415.69735403612,3250.58535296664,1599.1575277972,727.419354838704
0.067935871743487,29630.0550952561,15093.3578539939,6024.67908995684,3048.54901641215,1515.86265054899,791.952568371172
0.0685370741482966,29000.5186627894,14677.2355634785,5866.71565787119,2959.83020315319,1525.1461569182,763.617703888321
0.0691382765531062,29091.12902717,14678.7304989537,5899.35641349226,2911.73578608295,1610.82989966396,725.04705807631
0.0697394789579158,29638.8156868814,14960.7820583999,5980.65450387537,2975.74758478335,1664.54995451727,662.673412674922
0.0703406813627254,31742.1032850197,15884.0378679913,6319.44642669499,3127.18313753352,1768.90508972341,612.391081387286
0.0709418837675351,33781.9110920658,16897.0003841895,6721.68490341808,3302.24253494181,1850.87447613174,643.124762985335
0.0715430861723447,35483.84399484,17805.9733681154,7016.42169144512,3518.87919393011,1928.35417207607,657.34241774565
0.0721442885771543,35309.6152092374,17861.5110984215,7092.57749886456,3503.51599992764,1858.67296486156,696.817873941995
0.0727454909819639,33438.2463279015,16940.0224416566,6745.60048712265,3354.79132322919,1744.87416982274,727.419354838704
0.0733466933867735,31331.8649416697,15877.3989853175,6355.91910999393,3138.68277776878,1650.03238093757,755.11668498288
0.0739478957915832,30161.3462879496,15217.8869188383,6031.96924355782,3005.52003485538,1626.26266243014,781.09162641405
0.0745490981963928,29870.7291536859,15082.6535655891,6036.62991062562,2948.53160571354,1634.37889241975,728.290466427977
0.0751503006012024,30313.3662976356,15208.5263770608,6075.28257756027,3001.93738777605,1657.30030906306,695.183785397026
0.075751503006012,31642.8982946808,15773.1185972826,6299.97341847923,3092.86955682625,1721.76534076672,650.789995846213
0.0763527054108216,33755.1644869188,16835.1687989572,6712.24997647105,3291.80109260346,1795.18701248916,642.212679106223
0.0769539078156313,35620.5954226655,17797.3778431547,7090.69370449952,3463.75592726817,1919.07877867076,661.290322580655
0.0775551102204409,36460.2917369658,18270.500955774,7279.7385683202,3602.82015744517,1902.83550383446,679.187542176099
0.0781563126252505,35016.7275936488,17733.3019562535,7041.24133237549,3560.27419757347,1818.11133198005,725.881166704928
0.0787575150300601,32985.7178629946,16709.2188816659,6620.93134266106,3351.71580366311,1717.34555624192,727.874024707529
0.0793587174348697,31490.0632072269,15908.1298694604,6316.74194192533,3182.9703064661,1641.50595667848,791.783328374539
0.0799599198396794,30995.2939632467,15614.3297279027,6189.62538174771,3093.22353586759,1667.45508979153,776.23947314063
0.080561122244489,31085.4585945142,15627.9957238615,6231.42627104961,3122.5393143631,1674.93847212493,725.077844468251
0.0811623246492986,31678.3549666118,15936.0292453397,6350.66364298681,3183.09428544987,1679.42991443474,661.990744652878
0.0817635270541082,33752.817855711,16813.6289097694,6740.49151721357,3340.98440927509,1785.1706343543,657.740294537151
0.0823647294589178,35715.8526097896,17810.2866584356,7130.91675727774,3541.73575348241,1867.35924941242,664.98827530573
0.0829659318637275,37176.1005949713,18552.840605299,7406.66024007215,3660.80000353808,1952.36020379201,683.85449900621
0.0835671342685371,36487.7969359866,18476.6472397019,7306.13718314507,3734.38491227629,1865.77878860863,718.238604199094
0.0841683366733467,34572.8310412299,17546.6006027784,6923.67811812044,3567.19678949157,1777.98740793919,727.419354838716
0.0847695390781563,32899.1377530847,16614.4800322251,6563.70951404312,3350.08364290437,1694.20440913733,759.724332083518
0.0853707414829659,32233.6104090928,16237.6363836186,6447.97266415574,3270.15381459516,1690.05553307711,788.811930378992
0.0859719438877755,32173.597733931,16181.5867091584,6405.5659327053,3260.46019329125,1708.09194659153,728.609093671319
0.0865731462925852,32565.4471722092,16369.8189577897,6517.81565393269,3292.67684731685,1703.77371638498,690.802248623071
0.0871743486973948,33784.1371785396,16875.876693361,6673.90148348388,3423.34172603356,1764.45577667424,666.585583105369
0.0877755511022044,35801.9990224101,17896.8625299191,7074.44990777329,3620.91057594975,1829.59364339287,662.51132913483
0.088376753507014,37487.5323456907,18734.6274265505,7353.72683499723,3797.78114261759,1926.79197994988,695.52608530023
0.0889779559118236,37564.2052992889,18972.0950434904,7514.53834967895,3827.50799091299,1917.9879973233,708.776427797308
0.0895791583166333,35823.9757484039,18146.9713155775,7193.99619530329,3749.17447540939,1826.99481565055,727.419354838711
0.0901803607214429,34158.5405236378,17264.3082988447,6796.51600768034,3539.3910420189,1742.51946850205,737.245657753557
0.0907815631262525,33408.1441932556,16848.2691694892,6655.47978353516,3453.71104527723,1695.65710185673,793.349365844427
0.0913827655310621,33199.9279485153,16693.5594328205,6630.85657379238,3407.29912147536,1715.63718241121,742.229509377111
0.0919839679358717,33473.3306721321,16824.8841566357,6701.42009655635,3442.59899541336,1729.4103451285,721.082836117027
0.0925851703406814,34215.9772049461,17144.4716026392,6826.48703440682,3478.00758308892,1744.94027140749,697.048699202164
0.093186372745491,36063.8876804692,17958.4870491488,7144.54501109047,3596.01368614003,1821.54663451041,688.2988422197
0.0937875751503006,37798.3504209115,18861.6915873301,7521.20537957078,3799.77498817439,1926.79197994989,695.953608415685
0.0943887775551102,38160.4304863984,19209.9785562675,7636.81932054562,3893.36508024017,1968.25925707548,723.498733335447
0.0949899799599198,36699.7440221153,18541.6442746983,7440.66244272149,3829.22744674058,1860.66479623867,727.419354838704
0.0955911823647295,35249.3978152372,17686.1589709685,7078.50663451647,3609.9530061411,1772.9703965357,731.586918577803
0.0961923847695391,34465.3289381603,17289.7725164731,6922.78935393858,3538.18281456779,1738.78925783007,793.548387096773
0.0967935871743487,34214.8360193967,17154.7079527871,6874.23542870233,3467.6900140366,1726.98902409479,762.397895740564
0.0973947895791583,34398.3908273061,17232.5626207983,6925.77075556181,3487.62915944769,1761.59021784137,727.281993308286
0.0979959919839679,34990.6690425741,17507.6394647845,7031.60919930386,3565.35730057604,1772.22711328012,683.132718304618
0.0985971943887776,36278.1196606108,17992.4700939006,7275.49543598891,3578.81498955993,1813.02611720207,700.827811093246
0.0991983967935872,37932.644232096,18872.4158070274,7648.70563833599,3790.50537277209,1922.40146573618,720.593868956561
0.0997995991983968,38501.3504876027,19250.7596368468,7763.44356755496,3942.91168930978,1942.98369604937,748.832537120858
0.100400801603206,37174.8338064588,18703.1697891496,7596.34501031,3873.06495412085,1866.52412869561,727.72131867087
0.101002004008016,35901.8872738323,18014.4956237934,7328.86800060947,3684.59568425951,1801.14058916324,732.508934092413
0.101603206412826,35242.2923271678,17637.8943249932,7194.38663053268,3592.22711886861,1793.0135626564,793.548387096772
0.102204408817635,35017.9172089762,17506.7091959517,7114.26589686166,3531.11391953483,1768.53428865737,783.379577866775
0.102805611222445,35163.8659047338,17582.522259284,7154.05018037221,3570.14609511383,1800.64682240348,728.479829521285
0.103406813627255,35703.3480851908,17790.0716942965,7266.59716826535,3630.77499306598,1827.2166257667,720.110369496124
0.104008016032064,36549.4971301514,18204.0924024305,7358.85057471289,3668.31177935714,1809.33962355979,713.581912204945
0.104609218436874,38149.3511505039,18992.1625483988,7658.56789799927,3807.72689402111,1926.46127543873,708.795274486394
0.105210420841683,38587.1856593864,19321.5134268137,7798.96932384563,3943.21830380064,1958.49918917968,742.481343486508
0.105811623246493,37325.991233788,18764.7151381787,7531.33923043664,3878.57819905215,1897.39272860568,727.419354838702
0.106412825651303,36343.1234325943,18246.4621129839,7355.47157383275,3719.15372395713,1832.39903797494,738.896562320633
0.107014028056112,35841.7278651413,17938.0115846578,7229.90852460523,3628.18950112635,1806.46423239924,793.548387096763
0.107615230460922,35678.2669568962,17825.3525624111,7199.67960385034,3601.16832430701,1789.24767178682,768.064904929036
0.108216432865731,35815.6559247119,17874.0454039088,7212.5439839336,3623.65112536137,1837.91692614856,729.976217562214
0.108817635270541,36322.2855083132,18105.3208257994,7297.35889792415,3657.20143915461,1845.63692829367,739.882095198921
0.109418837675351,37033.2657825534,18413.4017934156,7442.60699213146,3729.28871961927,1829.40491895566,708.031520116205
0.11002004008016,38375.4432000262,19131.3596780789,7658.53227232569,3811.70616113748,1926.79197994987,726.445223286028
0.11062124248497,38530.4711288351,19333.7533803966,7789.72822018372,3942.72159255241,1970.77816730479,790.780066620588
0.11122244488978,37339.6423019958,18712.4797520823,7518.54451809049,3877.8886351379,1899.39355834654,727.419354838723
0.111823647294589,36625.9532766584,18330.2316894777,7396.04835814821,3720.52524056992,1856.60855280435,757.054376252658
0.112424849699399,36227.822524395,18099.6831461908,7267.58708191514,3690.95337081724,1817.60674003518,793.548387096776
0.113026052104208,36151.4452437347,18051.3881861387,7261.03673672752,3672.72380148912,1836.60850626916,784.117626742729
0.113627254509018,36347.3682550689,18120.2100865394,7319.60907888946,3712.24618799766,1860.73388805822,728.193827324181
0.114228456913828,36714.6590196599,18367.0153681906,7361.62289221713,3726.14942967228,1856.67391436855,744.563960654836
0.114829659318637,37448.6434955602,18652.8948058403,7524.78794375065,3753.18949002229,1874.77773364098,727.054030468816
0.115430861723447,38579.1625818154,19170.924432431,7658.53227232494,3820.18856579549,1926.79197994989,742.745624807201
0.116032064128257,38183.6797141586,19204.5421355233,7621.57140859204,3988.90235184336,1975.9027363159,783.412493591688
0.116633266533066,37292.9247282284,18678.0286770214,7405.698783298,3869.3938198781,1873.50158861419,732.385308005888
0.117234468937876,36761.5132980536,18403.614979908,7322.01690079628,3792.25164284364,1861.12251070829,780.07686630589
0.117835671342685,36515.2121054648,18251.404785814,7260.49682729089,3734.63737347629,1853.20726990937,793.548387096766
0.118436873747495,36499.7104033812,18235.31956155,7251.16886125242,3705.1664308654,1855.93238316582,762.085718579023
0.119038076152305,36715.8498658876,18322.9133267131,7298.7496553193,3747.38926889401,1894.64213054008,749.154563425638
0.119639278557114,37142.4177702569,18520.3089782231,7365.21754586627,3747.51051410943,1862.37361026503,739.439856602128
0.120240480961924,37728.7593152989,18814.6169998184,7546.03766556324,3818.05194452888,1913.99068049785,742.630089451881
0.120841683366733,38573.4717546816,19273.1683539571,7658.39029878318,3873.66070668813,1940.64135116256,745.244027407907
0.121442885771543,37834.8065313119,18934.4533977503,7515.43980434674,3984.54798664227,1972.27749313899,788.369034081682
0.122044088176353,37209.3589752806,18585.8476211154,7345.30223593439,3842.4020211575,1877.05234497928,727.419354838719
0.122645290581162,36842.6157219993,18368.4190432749,7293.84225544387,3777.55757840045,1874.53783897062,793.548387096781
0.123246492985972,36688.0152181203,18300.0658596299,7269.93115860076,3740.86120733041,1855.16035029907,793.548387096791
0.123847695390782,36745.5633249806,18307.5153522409,7272.2860137253,3744.69476727427,1871.3277667653,745.761082429418
0.124448897795591,37011.6749402402,18426.8842324117,7301.20073970981,3752.48866433161,1910.82323010689,772.315530882977
0.125050100200401,37439.7522304186,18646.9588544628,7370.88235612654,3845.97908809236,1873.85693824578,729.279436951931
0.12565130260521,38211.3907514926,19006.7689270995,7484.79777619728,3877.58127881651,1915.50749274992,734.730878756064
0.12625250501002,38545.0057949491,19206.4791901022,7591.93633952197,3941.53309552099,1967.29185984822,765.813324772647
0.12685370741483,37665.9010160034,18796.2850686759,7408.19320979363,3967.83876906931,1953.07098986081,780.725147943998
0.127454909819639,37194.7392990182,18533.3511725009,7345.53436485097,3830.82952457071,1890.00506051677,745.933203600915
0.128056112224449,36882.6857512891,18361.2781736665,7279.87783573287,3777.30079227617,1888.15032493618,793.548387096753
0.128657314629259,36829.9255351804,18313.2304008175,7268.22030774691,3763.27663147454,1878.04310765913,793.548387096772
0.129258517034068,36962.0203747183,18366.0107523816,7289.52431817844,3772.76894322544,1877.99179324503,736.090919292506
0.129859719438878,37268.5800192575,18506.782157211,7331.53449751813,3813.54471121137,1922.1748206481,788.261588020557
0.130460921843687,37768.6504415241,18734.2733234045,7423.81010484242,3860.44446475995,1912.3859912519,749.535156780104
0.131062124248497,38570.4399528584,19102.5239746804,7577.72552255897,3820.35002228629,1926.79197994984,755.247601448626
0.131663326653307,38159.3429229392,19073.1008623902,7644.80604335745,3960.467417612,1992.91585768841,781.288256945545
0.132264529058116,37480.6605527511,18693.8376628433,7481.58220246581,3884.80000276468,1932.02202205595,758.20870620528
0.132865731462926,37042.4942623067,18483.4950107495,7400.55443159913,3851.09360143298,1892.64362284067,780.073482498649
0.133466933867735,36853.8673597921,18372.3052510025,7343.94289470048,3757.96150725555,1893.31902721348,793.548387096791
0.134068136272545,36848.2097956835,18364.1226175761,7331.38106774206,3762.18066745275,1874.87227418139,783.442177066968
0.134669338677355,37056.0496291936,18464.7379298959,7366.19806295508,3783.18377511126,1890.73735695596,744.962009991969
0.135270541082164,37442.2142678929,18628.8019832383,7418.53456441345,3769.72880422917,1885.15576692381,755.167357463035
0.135871743486974,38148.3214636967,18939.7225346789,7591.93633952257,3842.93338520117,1955.08503268564,742.092239757886
0.136472945891784,38614.3947217541,19280.372098093,7665.45056203827,3874.6370654116,1926.79197994985,747.131226251375
0.137074148296593,37886.5377324417,18972.8080159517,7687.10923378181,4000.76168494365,1993.23308270677,793.548387096761
0.137675350701403,37323.9755700908,18709.8519759543,7495.96326118516,3861.46989374377,1915.19264290824,734.799936040143
0.138276553106212,36961.3403483149,18494.6885394678,7425.46141233528,3794.57420472373,1923.99506431449,791.921423156579
0.138877755511022,36847.1960952961,18407.2294540732,7401.27477912298,3753.06800357643,1886.35102143336,793.548387096793
0.139478957915832,36912.3006417997,18428.7338493784,7419.83620725242,3753.55643063601,1888.95186387541,769.301569731135
0.140080160320641,37209.8574478912,18569.1964728151,7478.40886516126,3777.22011098189,1924.72839948748,775.53226834355
0.140681362725451,37732.720786864,18804.2211081581,7528.9271846829,3829.93180674153,1883.89689674242,733.158105974695
0.141282565130261,38481.0116657129,19235.6746120801,7723.25728586327,3876.10068548118,1950.16341201585,744.622760493262
0.14188376753507,38654.4847928733,19473.2358455149,7778.99297510969,3944.72400397656,1947.05874732745,762.180029372789
0.14248496993988,37697.6781274672,18941.9241643582,7539.06446475643,3944.68107141321,1965.77482948449,790.295249750343
0.143086172344689,37199.2970642342,18663.3100123588,7450.46628393623,3797.79428626756,1873.30605321029,734.580689266044
0.143687374749499,36842.7594213557,18492.5427155492,7386.59832920919,3762.01709522287,1900.92580743007,793.548387096792
0.144288577154309,36792.3659212256,18435.2062334067,7373.1267606609,3750.299254669,1872.55349003755,793.548387096778
0.144889779559118,36964.6084065946,18491.9855636948,7408.76004988102,3760.11134957364,1883.88135121735,749.253816286304
0.145490981963928,37334.1301961535,18685.3050116693,7458.74447391699,3790.04228635218,1925.28284793286,786.229528602773
0.146092184368737,38003.958364976,18945.5181804597,7599.09768969588,3864.36057898179,1905.06814080808,744.855844075398
0.146693386773547,38854.7687706448,19406.5466816675,7658.53227232569,3837.15984392439,1926.79197994984,732.148612104425
0.147294589178357,38342.0025998435,19269.3519115157,7734.90892315468,3945.45966280578,1981.953173295,781.194329785932
0.147895791583166,37541.2006634409,18811.8892148815,7553.77382664172,3889.75548268906,1940.30806250711,756.883076309157
0.148496993987976,37015.9814797633,18540.3273413666,7449.35127320128,3809.65547725466,1880.08209297864,764.156818596075
0.149098196392786,36783.3019569443,18414.7196426718,7386.5929408221,3744.30727399438,1890.65547678093,793.548387096769
0.149699398797595,36788.5897915819,18390.8932956229,7377.27906818586,3723.71494385651,1872.93637198282,786.639466420452
0.150300601202405,37028.6484247164,18514.5864942278,7425.7949911623,3749.56660269533,1884.35290295514,733.183183336746
0.150901803607214,37501.981027892,18756.8937167975,7519.55781620872,3769.00202496677,1881.60530575866,752.318692458572
0.151503006012024,38373.216826777,19153.9137492065,7715.06799853653,3802.44992226893,1940.41527084052,734.609374159268
0.152104208416834,38971.6089442056,19507.0038648336,7718.97354277006,3841.34053891226,1926.79197994985,768.450683016515
0.152705410821643,38104.7744762242,19069.7337300351,7720.4124047586,3953.6444283418,1989.43492926034,791.232594840592
0.153306613226453,37368.9803273814,18661.9797306571,7509.19811057256,3872.8855921873,1889.0691151454,736.610773783861
0.153907815631263,36894.5039311902,18409.3856912297,7395.45367996154,3794.72655916214,1863.86124897198,781.597276575744
0.154509018036072,36713.4591528014,18309.1762198003,7372.29881986364,3725.92701698413,1840.71986463347,793.548387096778
0.155110220440882,36791.6127566137,18339.5200599966,7376.41713533433,3718.95590395679,1874.63647735389,761.354686700044
0.155711422845691,37116.3169345714,18470.2489239987,7450.99463873708,3738.38882343349,1897.76803004027,745.357168617385
0.156312625250501,37768.1226117006,18733.2629671612,7518.65412726719,3760.06946517273,1867.6836647138,730.208126915498
0.156913827655311,38629.7745444015,19146.2009891951,7714.34108399216,3829.46276439124,1940.66737046414,757.506455413594
0.15751503006012,38937.8364210583,19406.5466816741,7919.14215464338,3912.58398272576,1926.79197994984,758.934879184715
0.15811623246493,37931.6262250995,18872.7933492145,7725.12820512848,3971.40871520278,1976.91059701291,793.323236456642
0.158717434869739,37217.6674681993,18542.3735027888,7549.46141010392,3819.21273321983,1879.25979091505,730.078175848062
0.159318637274549,36812.3296713031,18309.9188689618,7454.7960146196,3744.62265158357,1876.52699566121,790.732632118737
0.159919839679359,36698.2438505351,18246.0792205895,7425.88087943826,3697.57913469992,1852.42572702834,783.784604449984
0.160521042084168,36837.6995868857,18324.1706355336,7452.94863460571,3707.28336879603,1861.32836504053,731.234688727026
0.161122244488978,37271.4550286446,18490.1911473646,7508.89182361712,3735.12558403353,1890.310578606,774.387346716131
0.161723446893788,37976.3688122155,18817.6790698066,7718.38853657722,3806.80647529609,1873.85432347695,730.921895067469
0.162324649298597,39014.5438898251,19298.8062796689,7791.72413793138,3866.08290437285,1926.79197994988,748.315687544392
0.162925851703407,38813.7200433547,19294.7889856479,7864.59069760262,3944.06360200305,1944.62552448791,769.780625455324
0.163527054108216,37725.5578796925,18803.9236028992,7605.10491640527,3919.20139534763,1960.46041931493,770.332134763152
0.164128256513026,37099.8060397748,18430.883899994,7518.73539504154,3802.16218073655,1865.90067096843,733.130465017778
0.164729458917836,36779.159739821,18289.4238967643,7425.32977728794,3720.68475724144,1891.45814968147,793.548387096765
0.165330661322645,36738.9374242073,18242.351278117,7410.29965555651,3691.43730550285,1854.15885197379,793.548387096774
0.165931863727455,36947.1065213175,18334.7213930955,7453.97275800694,3711.68764932125,1862.40477365572,734.676118517085
0.166533066132265,37449.3038186681,18590.7455812917,7545.77233478756,3743.1666571458,1878.33343278225,758.679247705274
0.167134268537074,38286.3886960454,18939.7225346892,7703.629466369,3800.45416761094,1888.7868557003,729.231728120935
0.167735470941884,39146.4554089987,19512.327928031,7791.72413793224,3841.35987592263,1926.79197994997,733.056486618395
0.168336673346693,38486.2627031576,19268.2757170558,7856.44746849238,3941.5822661289,1962.39107486,783.475990131848
0.168937875751503,37524.8953600424,18767.131818716,7622.07476221295,3882.98928088429,1934.64755866864,747.965660248742
0.169539078156313,36962.7457083933,18446.6680041494,7464.42912265864,3794.13354302408,1870.91531148732,763.654930554643
0.170140280561122,36709.5307332957,18312.422765789,7424.35547644784,3698.47792346484,1856.30315509182,793.548387096753
0.170741482965932,36717.684656605,18301.3716839292,7405.79235699691,3680.69183045115,1853.02147427044,780.934511533887
0.171342685370741,37013.6995057869,18433.7713959684,7471.99811067213,3714.76682762887,1865.04508196794,728.985732349394
0.171943887775551,37569.9716491773,18707.0525871143,7539.87641828956,3714.24301755788,1892.69085647672,735.088323762153
0.172545090180361,38480.2196024324,19206.2883025878,7724.64815677033,3760.88872748602,1909.34200971718,730.823605274878
0.17314629258517,39147.9269458663,19568.0784066545,7815.41340977069,3824.99946720053,1926.79197994997,760.810084927708
0.17374749498998,38225.8724942236,19073.1008623909,7780.45093046895,3945.45023696708,1993.23308270684,787.465231379116
0.17434869739479,37419.9960228429,18674.7895136775,7591.39753701393,3871.43516647543,1920.32459741688,735.535958110537
0.174949899799599,36895.5004458871,18410.6526393841,7449.20597631496,3776.55480196825,1865.7291708442,777.750147834544
0.175551102204409,36694.8988525867,18305.044546352,7409.68485286246,3716.37515940892,1836.01367507265,793.548387096771
0.176152304609218,36769.3844718228,18307.7867921554,7413.70757326299,3696.27770579316,1850.22569335147,756.792933889237
0.176753507014028,37138.4701786456,18500.4658453576,7466.27703791994,3714.25612023232,1888.07481332476,756.472323863967
0.177354709418838,37776.6315474498,18792.507554767,7586.04607135194,3743.24012845028,1877.8562645124,728.257730090469
0.177955911823647,38748.1729600106,19286.3470463808,7683.09186751941,3788.87430940361,1924.49356140616,742.456082872834
0.178557114228457,39015.4289344894,19406.5466816666,7922.22807302829,3866.89216876862,1926.79197994997,757.921088823858
0.179158316633267,37961.345200279,18997.6926453015,7725.12820512959,3921.24123847706,1982.55123896709,793.548387096754
0.179759519038076,37238.1205617836,18623.4966911853,7524.2065025264,3846.61858531679,1871.27139363623,728.481479091495
0.180360721442886,36800.1911901115,18409.9830057927,7444.75948294915,3757.719576657,1870.29421269878,786.859758026797
0.180961923847695,36678.0626684758,18340.3068032055,7411.7402046549,3689.01626644957,1851.3936489435,793.548387096768
0.181563126252505,36827.5936342993,18391.5522162083,7422.49450383114,3684.03565752438,1853.4286187622,770.169930228685
0.182164328657315,37213.2575511284,18623.4699726949,7495.39309161438,3718.10348413177,1892.38027883431,786.192209877825
0.182765531062124,37998.2762220435,18933.1239692931,7653.13091929295,3755.14767154271,1860.35087719304,727.757754243666
0.183366733466934,39013.780097198,19407.2579236843,7777.26676355096,3836.46465268287,1957.93972804093,732.482307007273
0.183967935871743,38817.5143892051,19434.7710555379,7858.04956343549,3932.32661657268,1926.79197994997,768.541756266142
0.184569138276553,37747.4048575123,18905.7146744329,7661.27009230729,3944.80346427091,1972.4836367369,777.570670000624
0.185170340681363,37127.4476588651,18560.9607537242,7535.29546576469,3821.189461488,1860.54043324927,735.555281544882
0.185771543086172,36753.8328841155,18384.3932252459,7408.69281179035,3731.73032571677,1868.21972557303,793.548387096787
0.186372745490982,36706.5795544083,18344.0872881898,7402.65812576315,3680.28180457243,1834.12142348962,793.548387096802
0.186973947895792,36910.2495552853,18451.7461775591,7438.83957669137,3684.04327903859,1862.47374599524,728.468945735919
0.187575150300601,37421.5574868873,18676.4542153217,7504.25782175368,3736.41589262874,1890.62013745038,766.28615490502
0.188176352705411,38269.2007385229,19063.8124918801,7693.36119996642,3801.02231103636,1879.47203187417,743.336825049665
0.18877755511022,39050.1094846932,19558.4764465531,7791.72413793169,3864.29536963144,1926.79197994995,758.45191587349
0.18937875751503,38545.5558634644,19391.0504198793,7849.50788705122,3941.87236068983,1957.98550588972,785.015529265426
0.18997995991984,37604.7032715779,18891.8545767139,7591.036322708,3899.03970727948,1939.81773846879,750.427000072336
0.190581162324649,37029.4637862897,18565.8115135756,7459.60682433285,3787.28839144795,1883.58526559005,752.431779872575
0.191182364729459,36752.2118937485,18427.2954148325,7416.94635042961,3713.53464058852,1856.59015235764,793.548387096819
0.191783567134269,36753.849323183,18399.0875841372,7399.69252492158,3694.56796079497,1846.25258268489,778.734115414239
0.192384769539078,37018.2448344845,18520.0795022642,7443.72502211641,3725.1120484828,1860.19200346351,732.155836704446
0.192985971943888,37560.2337827985,18764.1699514791,7569.71095502196,3730.04725157865,1891.09591026578,741.081313782824
0.193587174348697,38476.0216467933,19326.9885635026,7691.46396089638,3780.42471266605,1903.81765597067,744.688275062665
0.194188376753507,39147.9269458663,19601.9473185581,7791.72413793187,3833.41612134251,1926.79197994997,751.879804973828
0.194789579158317,38303.0800037923,19125.2560784384,7836.44218739658,3933.5507933611,1979.25811755731,786.129919686547
0.195390781563126,37483.2221206092,18695.3704716591,7605.93997542058,3880.7517065106,1918.50732182295,740.088508803809
0.195991983967936,36964.6122155125,18436.8669995473,7481.26031158026,3794.23814430687,1871.00218879439,775.302885964479
0.196593186372745,36773.1592643992,18332.854487541,7403.73422341387,3714.99729842311,1867.24591057327,792.541849887474
0.197194388777555,36821.7918582646,18354.679514421,7412.17509939703,3696.39568212589,1856.36553053055,745.33539083944
0.197795591182365,37187.7504033833,18522.3180045416,7463.82200082459,3728.98529670993,1870.0740223734,771.988881216413
0.198396793587174,37862.05054412,18805.7689169848,7546.40035574258,3744.8341232227,1870.02440393389,727.479952186544
0.198997995991984,38747.7558505494,19273.1683539532,7721.07411945479,3754.922273193,1942.61423721987,735.012808567208
0.199599198396794,39084.4800742455,19412.9316225213,7888.79748301277,3835.29237896448,1926.79197994994,754.077095799774
0.200200400801603,38021.9665482416,18912.2656384469,7735.38855376869,3914.96998044346,1988.91167077672,792.194359094516
0.200801603206413,37341.2709979161,18584.2844775043,7565.88909949675,3867.49025888125,1904.65309082904,728.796569931458
0.201402805611222,36894.6383483185,18363.9404473825,7438.87614469888,3787.65057003135,1887.28301658425,787.309542069128
0.202004008016032,36749.59081493,18283.4469884089,7408.09038616767,3716.11734742053,1835.57111305209,793.548387096788
0.202605210420842,36881.8172365317,18340.6288351881,7426.75656048455,3699.01565652613,1860.78616355261,754.065428196143
0.203206412825651,37300.3008904666,18549.131819923,7495.87968501209,3722.85567100276,1889.62190277091,760.991302050994
0.203807615230461,37997.5296708306,18830.3295221158,7607.95247337346,3758.81402950402,1870.14296862041,731.466948876366
0.204408817635271,39012.4488627841,19287.2854803035,7736.72124921679,3814.80620746965,1926.79197994986,746.479480749285
0.20501002004008,38829.8452065746,19332.5412799009,7916.50167018025,3900.67685561749,1926.79197994992,787.99393640993
0.20561122244489,37774.8619298516,18758.474747192,7711.78971648053,3944.90230415997,1971.36329124252,779.244345347293
0.206212424849699,37181.4441477996,18463.5145321109,7532.94719486474,3835.94961071711,1890.25039015209,737.036773175372
0.206813627254509,36808.0181027782,18246.6676111168,7438.30854513734,3753.79988361176,1868.94074224866,793.548387096764
0.207414829659319,36747.1131781815,18226.4430759997,7408.58393794446,3688.84006557533,1832.58941441785,791.49539740559
0.208016032064128,36953.0943463706,18322.6598111629,7452.04309949144,3709.18610815608,1859.33182530515,730.061299094779
0.208617234468938,37436.2000018264,18537.0887167465,7484.18980911864,3742.36503509849,1890.10788690949,768.773498952023
0.209218436873747,38262.4881549912,18897.0406449348,7715.16714440121,3786.62982025003,1870.26715439151,739.891626403711
0.209819639278557,39043.0433824019,19406.5466816615,7791.72413793086,3873.75376345136,1938.87256892546,752.415548488613
0.210420841683367,38547.7031937199,19224.0077067284,7845.44685907772,3945.32138959218,1937.93535833642,777.404261122823
0.211022044088176,37602.6177076099,18793.8952330489,7599.81642805931,3926.71135773793,1953.33002837004,756.501895224904
0.211623246492986,37047.3704407629,18465.443868152,7510.39302300372,3799.4002892677,1866.8546715535,753.128838321801
0.212224448897796,36773.7651111721,18337.8185478366,7418.83463530722,3720.20834104442,1889.57987913524,793.405830383747
0.212825651302605,36758.4355343069,18323.4264909394,7414.4715535215,3697.81334837286,1859.12190941583,760.499230998541
0.213426853707415,37041.6514132091,18445.4621122881,7449.36698755407,3704.63946216043,1851.97786372116,728.166137449164
0.214028056112224,37574.6273334557,18730.8735617382,7553.63835558966,3744.47042402786,1885.97778233535,742.404638581386
0.214629258517034,38449.7241110268,19200.5164425156,7674.44875723054,3804.23788212566,1889.2628659655,735.945754311219
0.215230460921844,39147.9269458663,19568.5702272934,7791.72413793021,3872.42704692318,1930.06926553956,742.179575119373
0.215831663326653,38210.7288657658,19080.6451072036,7853.94454575054,3941.85810880428,1978.46863068364,793.088475460037
0.216432865731463,37444.9378744071,18679.0187079457,7617.20907179149,3883.91565625333,1942.20227598275,740.992146468401
0.217034068136273,36952.8943096535,18429.7393158995,7492.80286996016,3797.35468246191,1870.18444627346,776.335935914351
0.217635270541082,36769.0693993504,18321.0596056108,7434.1399686744,3718.67414762623,1858.44613334958,793.548387096752
0.218236472945892,36833.6885112158,18336.7818606353,7414.46610923333,3698.11765312627,1852.09345937564,775.167871812474
0.218837675350701,37175.6401411848,18513.252153513,7484.22268586088,3719.91244314597,1869.78119577463,739.189369407871
0.219438877755511,37828.8553925635,18794.4843045324,7526.30417589297,3733.62971680188,1904.0930768153,729.589299471588
0.220040080160321,38738.4119257353,19276.1910195903,7725.12820512844,3770.09688003272,1912.33658369419,728.551315495125
0.22064128256513,39006.141572942,19524.1991332575,7832.63374347001,3826.09160266661,1926.7919799499,774.220144845295
0.22124248496994,38093.3203604691,19033.3626698269,7770.34735720651,3922.66524633111,1987.56132576888,790.752764035538
0.221843687374749,37333.7512331678,18643.7225125695,7590.57717939697,3873.66260184731,1918.62674775215,727.800056989471
0.222444889779559,36899.9186894494,18426.6880632849,7447.84039078853,3797.72670941627,1878.44130000228,788.023673863832
0.223046092184369,36769.7029072162,18333.1895061985,7416.36730493503,3716.45460545923,1838.93238190107,792.946136200816
0.223647294589178,36901.9843885284,18398.9196538221,7423.78866577631,3707.67996509255,1857.58168629568,740.224130446162
0.224248496993988,37319.32441157,18579.1459561512,7471.72693594706,3734.0771872617,1894.35972625576,772.826498651892
0.224849699398798,38014.7129593464,18958.1306596376,7586.15441473373,3744.83412322229,1875.00474868043,732.954884250533
0.225450901803607,39014.543889851,19329.1101989272,7708.30170481463,3794.21425131848,1944.71631500281,751.112268841083
0.226052104208417,38859.8147750062,19320.6690034658,7924.83562255763,3876.42481163736,1926.79197994991,769.22504140328
0.226653306613226,37808.0821195049,18757.5780596727,7725.128205128,3929.53792366219,1981.71632480024,780.901178186901
0.227254509018036,37183.7678864489,18449.7633176389,7534.88474066473,3847.80520178418,1875.67865668688,736.202756680676
0.227855711422846,36814.4720063847,18262.4260922524,7435.93677262995,3763.00410169164,1877.82395875683,793.548387096779
0.228456913827655,36769.5465587615,18240.4922975291,7405.46395404523,3695.76714756079,1857.52368052318,793.548387096756
0.229058116232465,36968.4028216184,18339.2516385202,7423.93916026353,3694.6196886057,1859.18298240587,758.491383761781
0.229659318637275,37434.0060595394,18543.3081217034,7505.44177915703,3730.42942861603,1902.88634351236,771.267258538402
0.230260521042084,38269.1825136272,18934.3133853023,7669.28018022283,3783.67667594483,1861.76231343813,733.413649362725
0.230861723446894,39067.6697609272,19407.9677385439,7791.48997262556,3863.72135621801,1948.97097185283,735.877122550043
0.231462925851703,38547.7031937071,19145.1889455921,7851.35953095521,3935.2033528607,1929.74307282642,781.053123440256
0.232064128256513,37613.6586323302,18754.6560416826,7624.39356717755,3943.79562361298,1974.18263197747,756.12381717659
0.232665330661323,37066.4460395103,18434.2195077488,7527.31706576514,3821.62798837008,1861.2545331123,756.778981872632
0.233266533066132,36774.4828105332,18295.314206931,7416.09956996159,3724.86599930804,1876.75608813457,793.54838709683
0.233867735470942,36770.4876673678,18279.0987917671,7402.67453785294,3688.23987664476,1854.75864008703,786.28290445716
0.234468937875752,37063.0944416037,18410.057097648,7454.45056262442,3700.03508101028,1857.90045226964,727.419354838713
0.235070140280561,37607.9357538217,18672.7464130693,7526.17609906531,3737.20591652593,1908.43979521505,742.576915948481
0.235671342685371,38444.0450261422,19157.8396025363,7683.29312277239,3807.14849062646,1885.07105758736,745.631352145288
0.23627254509018,39147.9269458751,19408.0054662007,7791.72413793141,3863.87475152544,1929.22428822047,769.655484751705
0.23687374749499,38185.7551270778,19074.3652798778,7858.32007073446,3943.49249874514,1953.21659467916,788.209260623821
0.2374749498998,37397.0999901422,18663.2107488052,7592.3264527112,3892.93307923254,1937.1927920108,739.736856338691
0.238076152304609,36925.1129566606,18403.0083490389,7471.51974477315,3796.99088585625,1880.76772251179,776.11798503153
0.238677354709419,36727.7121004509,18311.882344628,7417.22989004958,3723.10341265818,1860.26506152449,793.548387096752
0.239278557114228,36806.3306387033,18326.275891569,7417.0937152079,3711.08082809339,1853.63730399774,759.962868069634
0.239879759519038,37135.6388760511,18485.4876595537,7465.89007525018,3735.33990058941,1861.64064806365,754.667196851131
0.240480961923848,37812.6539947812,18782.4429564588,7563.97237045468,3742.12748859693,1887.26801138668,729.861815650754
0.241082164328657,38734.0676878683,19283.1300358577,7711.59648193762,3779.10338654564,1905.08264627942,748.687168030256
0.241683366733467,39025.7023591354,19459.2283545728,7795.8081668727,3828.61863854323,1926.79197994984,760.536975854636
0.242284569138277,38013.8610877198,19033.8902074591,7810.61647890154,3931.17419431341,1988.33634341046,793.548387096773
0.242885771543086,37327.9648489825,18661.1316799291,7611.34654336317,3878.94349646041,1902.12997808909,728.381680238739
0.243486973947896,36859.9564120844,18408.920980225,7479.14283639468,3790.22844233114,1859.17335106292,786.715423716907
0.244088176352705,36735.8144911148,18368.3533091765,7425.05520398499,3702.68124928482,1865.77114726385,784.928597251789
0.244689378757515,36868.5373615224,18408.0572240615,7412.61283244626,3699.31326017402,1853.30989020663,739.474183301332
0.245290581162325,37301.5788263204,18628.9360549927,7481.40063599286,3713.89913144061,1874.38803717721,786.871873389628
0.245891783567134,37962.8492326457,18987.3963578668,7581.87013196416,3728.59309943216,1861.37012965645,727.495701593156
0.246492985971944,39000.2272157955,19538.9737436816,7725.12820512744,3775.14246415912,1954.41498185621,734.990384463183
0.247094188376754,38867.2807916347,19472.9860105628,7913.09354465094,3847.13906359286,1926.79197994972,768.320703202107
0.247695390781563,37809.7233175685,18898.9325234852,7726.6434973296,3916.88894412844,1992.60372370116,780.241642213515
0.248296593186373,37176.2443903495,18602.3334373493,7540.97975088709,3862.44107843604,1898.38356664137,736.258633572828
0.248897795591182,36789.7164304695,18398.5241229928,7453.23296308486,3787.49877131523,1875.76554745582,793.548387096782
0.249498997995992,36746.1872592931,18373.3918784255,7418.36500050859,3711.93729016823,1834.4234466673,793.548387096826
0.250100200400802,36926.592449788,18452.4869893379,7413.50843410219,3700.33555972881,1854.1257829415,727.930176086293
0.250701402805611,37399.0692689471,18670.6890921928,7509.91984731693,3734.24601795893,1890.95198479228,767.752163991814
0.251302605210421,38231.1698588208,19161.4973234351,7634.43051808308,3759.25133655505,1866.11929615973,746.17318927638
0.25190380761523,39063.3306787844,19539.9250093641,7767.38451911728,3829.19474019142,1945.37974439512,759.368106599138
0.25250501002004,38550.5120162711,19251.6999439851,7902.53076775056,3917.33937294908,1926.79197994997,787.248463351487
0.25310621242485,37622.7104906092,18781.9461849498,7689.20005293003,3943.57834541513,1969.51282036555,754.029675135265
0.253707414829659,37049.0412186067,18497.6810876729,7537.97761608263,3828.6677649166,1883.52893401781,755.17271045885
0.254308617234469,36773.9682509465,18361.5456812505,7426.88698561114,3737.62515725442,1865.18122743133,793.548387096757
0.254909819639279,36765.6322587289,18353.9737755414,7411.01857617075,3689.61288048085,1850.37223287795,778.915025689601
0.255511022044088,37046.0722424038,18476.1647146909,7440.26092777393,3690.74453268119,1862.51631943933,732.801796961536
0.256112224448898,37603.9024264376,18739.0539777976,7498.40824146067,3731.99661614403,1882.50053451971,740.646413409897
0.256713426853707,38422.0908327847,19206.7334872563,7705.05453674131,3811.09889211363,1875.84085594782,746.671606552411
0.257314629258517,39147.9269459192,19539.9250093735,7791.72413793003,3868.94528565502,1926.79197994978,753.876656244357
0.257915831663327,38232.9012516208,19181.4716710404,7838.49007466646,3943.33908070861,1946.75407534139,786.776415327148
0.258517034068136,37447.8687563065,18716.1012458923,7592.41430803919,3914.0423400704,1973.55939184409,740.117451448191
0.259118236472946,36940.2787071985,18472.7615355799,7468.43620890306,3806.2937266954,1865.86965270548,774.465919577682
0.259719438877756,36752.9750162935,18357.7719492897,7422.57033483857,3720.77620240093,1891.28765174666,792.703553054418
0.260320641282565,36813.7234652763,18398.0104605243,7403.30053836897,3688.78219804986,1855.5271607824,744.854226022947
0.260921843687375,37156.4670232558,18551.8541997558,7431.24614199654,3714.59066931984,1858.99302302304,773.733737096261
0.261523046092184,37790.6368354733,18839.6258465197,7572.01165905517,3742.85822009096,1886.33698265923,727.419354838747
0.262124248496994,38719.8988702519,19273.979902854,7678.89815931237,3793.19415830507,1892.44963972438,734.435699064595
0.262725450901804,39031.3232554384,19512.3822028465,7791.72413793039,3841.28291482655,1926.7919799499,755.357822167132
0.263326653306613,38007.9676187059,18964.1160593783,7845.80945638672,3938.45243926191,1963.3852899493,793.333033612283
0.263927855711423,37335.2824256711,18624.4679662615,7612.59941655623,3883.06461777618,1934.27307809328,729.716527871639
0.264529058116232,36861.4565315701,18395.9198465654,7494.13669290108,3798.44983829402,1873.81686321594,789.040725261684
0.265130260521042,36734.6168875033,18324.403648965,7403.68114714848,3717.07623213081,1855.5777658267,793.548387096752
0.265731462925852,36859.1509340095,18402.1499175025,7408.01050583176,3698.0079599586,1856.19298369941,753.090592396286
0.266332665330661,37297.6796800426,18575.8639757845,7470.07466147658,3724.5787888947,1869.24235142955,760.48907766436
0.266933867735471,37959.603796924,18954.3010526516,7535.73930857386,3731.49701719584,1890.40012913938,732.883731063014
0.267535070140281,38998.9881481527,19435.7335305067,7724.35904068826,3756.38835737446,1912.82130074559,748.966797900439
0.26813627254509,38892.9541937285,19506.7279753483,7878.45773558742,3832.63460117831,1926.79197994984,786.588968416617
0.2687374749499,37827.4579718739,18938.840645453,7740.10235031053,3918.53470239778,1990.77530699354,776.934303109206
0.269338677354709,37156.4135206647,18636.2038170687,7581.99366017593,3869.98337977672,1917.54287122068,738.332850967776
0.269939879759519,36817.4628985124,18433.6358911922,7441.5873782796,3779.40244766044,1867.63751974438,793.548387096752
0.270541082164329,36747.687186075,18401.4998892971,7410.03671674954,3714.31878124196,1831.7443701728,791.547852310424
0.271142284569138,36937.2408288561,18509.2357361801,7418.8059564223,3704.37202591242,1856.23459073332,729.362392586455
0.271743486973948,37369.962257491,18731.684000592,7484.90534953422,3717.67722341393,1893.85537318865,766.635237788326
0.272344689378758,38211.6876519438,19150.5705115315,7597.24004310377,3746.49198786403,1877.75616976921,740.238988463209
0.272945891783567,39085.9087851715,19539.925009381,7721.55081612286,3800.68728352925,1959.84813573656,752.155219119685
0.273547094188377,38556.0588807611,19361.4364244291,7923.72045471042,3886.61874689078,1926.79197994997,778.022190059502
0.274148296593186,37647.4343906468,18924.7746418743,7724.04257069037,3943.37474853266,1979.36588669802,756.180124629325
0.274749498997996,37049.4934250109,18593.3594212097,7527.2649949192,3842.97307959766,1870.37226833299,753.658930764773
0.275350701402806,36786.2803240706,18459.0247324433,7444.87967564495,3765.24580029863,1873.36144029309,793.44421317152
0.275951903807615,36764.943254912,18448.6741781242,7418.82819507396,3684.02568372613,1857.02707409848,759.512632733508
0.276553106212425,37047.5464016242,18572.3651219158,7437.31767060005,3704.22725683442,1854.49348585035,756.9091617997
0.277154308617234,37602.2545009134,18872.8999191142,7488.63830294741,3737.03171354805,1900.47864041369,743.056988653493
0.277755511022044,38415.6392289197,19336.7812589055,7711.44867985315,3780.02975177432,1864.97736130312,734.027846289562
0.278356713426854,39129.8758870281,19686.8998662058,7791.72413793052,3868.05824920012,1953.54538233007,742.445027581733
0.278957915831663,38252.4843384699,19206.4791900969,7821.15345879082,3939.5964248691,1936.18889545492,793.53591153912
0.279559118236473,37458.9895619882,18789.1568435406,7600.88483661216,3936.94500895573,1970.58112140811,738.746564156273
0.280160320641283,36979.7359810505,18539.7913572603,7524.98572494736,3800.7643332266,1862.65381578944,775.929245629888
0.280761523046092,36747.1390302036,18427.4392112344,7415.94822684734,3717.57455258405,1860.34941284955,793.548387096832
0.281362725450902,36816.9030859745,18449.8415551379,7414.71039743823,3702.46997548061,1855.55052041092,775.869775493655
0.281963927855711,37147.9683688371,18628.2610306985,7451.7220282982,3699.43719075678,1870.56294776832,739.796540400073
0.282565130260521,37764.8898271913,18909.7500838822,7540.90570187166,3736.11712732724,1895.58014157381,732.901543733997
0.283166332665331,38698.0351883534,19278.0543998595,7657.93227074584,3812.45122232351,1888.78248046806,738.596344237584
0.28376753507014,39043.4640454758,19519.717855955,7791.72413793188,3866.32388361128,1926.79197994981,780.127163220488
0.28436873747495,38010.6277786663,19074.1423808808,7857.18523964485,3942.8638331491,1964.38450566604,788.854909803437
0.284969939879759,37325.640949834,18718.6484901731,7599.74760314762,3886.1458415859,1939.26827895804,728.030325256679
0.285571142284569,36867.8839912366,18490.0824276424,7479.96593072457,3799.53127545322,1886.66346686806,788.331254352476
0.286172344689379,36745.4771549577,18429.3822964755,7432.92789875594,3728.59470646981,1866.17299853265,792.812861612345
0.286773547094188,36865.2252867973,18484.594072198,7412.01369650504,3699.53431154514,1855.4880433397,738.41608748696
0.287374749498998,37289.0004363977,18661.9300425713,7476.02028288799,3732.69037026936,1866.27338831257,772.391137847547
0.287975951903808,37937.5410953693,19073.2104950984,7533.34392165068,3744.67595799571,1889.46731148957,733.069367426037
0.288577154308617,38981.7254165616,19417.3855139579,7725.12820512723,3774.94123091155,1912.36718422002,750.470074798733
0.289178356713427,38909.0906461763,19450.7619363421,7807.75802222947,3814.96767313969,1926.79197994989,769.348188833591
0.289779559118236,37850.2248513808,18999.1733308888,7785.52119598095,3928.0834866254,1975.87048918305,780.435901091332
0.290380761523046,37161.0716625174,18670.7919375389,7591.0472962468,3877.38169821438,1906.20241720208,736.2933986677
0.290981963927856,36810.547826913,18463.5178984459,7451.75326144337,3797.65877827062,1873.6344310118,793.516512732998
0.291583166332665,36742.9696374121,18414.4762224564,7410.69011077279,3718.72776794048,1859.81183159804,772.859181989687
0.292184368737475,36935.4966524222,18504.5122747363,7419.22849891141,3702.58560324055,1860.80065273693,729.843563788029
0.292785571142285,17524.6870131242,8783.38075313111,3546.82122572485,1819.06213789169,913.747306913088,396.312825865526
0.293386773547094,18021.9897065228,8967.20406258118,3545.39324280634,1764.33876316124,863.498413727332,375.109104619167
0.293987975951904,19390.0056707306,9706.47768911392,3698.0378248815,1769.93494634337,922.66074069147,347.819664085998
0.294589178356713,20043.2029196505,10080.2809334109,3988.81859166126,1858.55366886756,939.260589366686,373.343336559945
0.295190380761523,20076.2292237023,10128.7126467679,4055.08617139529,1998.40206634906,1029.30158398702,363.099242195967
0.295791583166333,19568.3419489212,9864.02643785282,4029.32963429714,2049.22571200668,1020.49047613102,363.571430844214
0.296392785571142,18739.4439375076,9450.20523390917,3885.12144257446,1991.57483935143,986.888441220667,403.423495420231
0.296993987975952,17776.4392008784,8978.87750870826,3703.85804714983,1922.03923372182,932.346267148499,439.451358782888
0.297595190380762,17000.4134901271,8601.0033914389,3515.34328294604,1827.56602354394,897.243330917964,402.662209042862
0.298196392785571,16827.7094889251,8518.94356909332,3399.82043417921,1741.23036023123,894.482996165536,371.493562879848
0.298797595190381,17801.1259281175,9103.16521793229,3484.27018034895,1723.28840449119,830.020678786094,360.099709220825
0.29939879759519,19916.4822070751,9994.96461598468,3634.77240969245,1730.67314285668,908.73930431699,338.740171090147
0.3,20996.0918506875,10454.9790376967,4175.68976277485,1861.16372839085,944.669087713164,373.528972269675
