t,f_05,f_1,f_2,f_5,f_10,f_20,f_50
0,0,0,0,0,0,0,0
0.000400801603206413,0,0,0,0,0,0,0
0.000801603206412826,0,0,0,0,0,0,0
0.00120240480961924,0,0,0,0,0,0,0
0.00160320641282565,0,0,0,0,0,0,0
0.00200400801603206,0,0,0,0,0,0,0
0.00240480961923848,0,0,0,0,0,0,0
0.00280561122244489,0,0,0,0,0,0,0
0.0032064128256513,0,0,0,0,0,0,0
0.00360721442885772,0,0,0,0,0,0,0
0.00400801603206413,0,0,0,0,0,0,0
0.00440881763527054,0,0,0,0,0,0,0
0.00480961923847695,0,0,0,0,0,0,0
0.00521042084168337,0,0,0,0,0,0,0
0.00561122244488978,0,0,0,0,0,0,0
0.00601202404809619,0,0,0,0,0,0,0
0.00641282565130261,0,0,0,0,0,0,0
0.00681362725450902,0,0,0,0,0,0,0
0.00721442885771543,0,0,0,0,0,0,0
0.00761523046092184,0,0,0,0,0,0,0
0.00801603206412826,0,0,0,0,0,0,0
0.00841683366733467,46.4302866546421,47.2108129866035,44.691029847683,49.2450750385159,53.6563228293879,56.6739674686444,48.2938893134642
0.00881763527054108,1566.63157328116,822.610252262507,444.997287417139,227.20370668959,147.757433742073,99.1341181895526,79.2211298186638
0.0092184368737475,3569.2808907746,1831.89090200946,955.512981735427,438.926294480239,245.394874572154,126.35977483607,95.4157436046605
0.00961923847695391,5752.27579055125,2901.56014776017,1470.54697709247,642.399252956707,354.16167010909,193.607132179421,99.7058823529412
0.0100200400801603,8000.26369238663,3992.99225620319,1987.20927930903,842.899207225293,466.939266266798,275.27752358245,99.7058823529412
0.0104208416833667,10299.8223462965,5155.87324997797,2553.16174029245,1049.6365215611,569.766448683177,325.30819556428,99.7058823529412
0.0108216432865731,12619.4265758672,6346.52645918857,3138.27330924213,1258.79830069763,668.725900584005,363.040493680451,99.7058823529412
0.0112224448897796,15058.3818456876,7561.74620899763,3790.75952406491,1546.45637566432,771.074856234372,420.390995885648,134.675598648472
0.011623246492986,17559.8757061018,8731.93773813606,4384.17981432194,1753.84706385962,898.254631212249,496.895424836601,199.411764705882
0.0120240480961924,20049.4908273463,9984.32309710795,5015.11289460388,2044.95023888772,1066.00999017319,508.301384816387,238.781115737937
0.0124248496993988,22613.053740417,11266.0956286886,5644.42564685437,2319.59544582004,1115.20445236507,600.177195673742,299.117647058823
0.0128256513026052,25205.9610210173,12624.8187324663,6326.86071519806,2537.05197104405,1267.62306261604,680.616600607454,299.117647058823
0.0132264529058116,27808.668567757,13883.1890255265,6983.08405546623,2776.04307403581,1420.041672867,717.017169476793,299.117647058823
0.013627254509018,30451.5337771545,15251.2392581863,7620.31033068013,3065.92589853262,1523.70809815369,776.424672844713,299.117647058824
0.0140280561122244,33142.4293199263,16551.8931800295,8305.06303813445,3352.11309086672,1694.9203187251,891.106082575027,300.37741419722
0.0144288577154309,35898.0421937239,17956.1031839591,8922.96271499394,3614.99903979163,1788.72021762336,906.841749090816,337.467050137664
0.0148296593186373,38698.1654420478,19323.2841164716,9691.55009507997,3895.75163398695,1894.32270916335,977.719563716064,391.212733656536
0.0152304609218437,41498.5385632194,20735.605563183,10346.3140038521,4098.47754661244,2087.57007359577,1085.89832399486,450.050163788275
0.0156312625250501,44448.3138541061,22220.9657790993,11107.0086419404,4476.96431598667,2222.28478275174,1093.16993464052,498.529411764706
0.0160320641282565,47302.3098346502,23691.0887326967,11856.1281516356,4694.88017429197,2346.31517986749,1181.20536254447,498.529411764705
0.0164328657314629,50296.8451068274,25091.1661191927,12524.3182164456,5006.43430520728,2493.99900694229,1291.92810457516,498.529411764706
0.0168336673346693,53297.3003620931,26655.6801134632,13309.2105263158,5295.27705092233,2689.89896638703,1293.73521810223,498.529411764706
0.0172344689378758,56298.3290373086,28090.1873502708,14105.6360789547,5624.64568847327,2822.72506980361,1415.96578567458,500.082916695568
0.0176352705410822,59428.2667158889,29689.5471609573,14868.8957843846,5893.57298474946,2922.39826356538,1490.68627450981,560.734570250547
0.0180360721442886,62497.0372126101,31272.9317360597,15605.0418405413,6224.9995976165,3090.64629139481,1515.95507419423,608.848294508805
0.018436873747495,65688.7516444536,32865.9159406939,16352.6607811211,6479.56239509166,3256.14088528731,1590.06535947712,633.052877444652
0.0188376753507014,67409.4504980613,33738.3669765006,16753.9089191555,6693.79740697939,3338.41365982921,1590.06535947712,620.095290442222
0.0192384769539078,68531.7708772025,34235.6265889724,17063.6272581236,6744.7807283901,3315.67422494554,1637.58125534757,598.235294117647
0.0196392785571142,69660.2107996552,34787.7337093158,17355.3768773985,6846.57266296743,3389.8406374502,1705.12400992541,598.235294117647
0.0200400801603206,70728.4236710726,35270.327907914,17609.3796080732,6978.72166818946,3412.54532646682,1635.92223449641,601.114277207586
0.0204408817635271,71806.2619447763,35852.3875626932,17848.0846939949,7046.9268892516,3569.83743750891,1751.38612474242,675.176109877335
0.0208416833667335,72927.869066203,36385.9269444579,18091.4955956547,7191.91817559477,3568.53310708132,1750.59835107335,697.900395272299
0.0212424849699399,73936.2197296831,36881.93780626,18385.8051553924,7371.62041754849,3644.2635893796,1754.85587268776,763.248383646634
0.0216432865731463,74945.7849935873,37402.0367498849,18642.7097028776,7407.75693956371,3662.75068791038,1788.79251645428,713.550382534923
0.0220440881763527,76079.2393221749,37962.0611830186,18873.1134592026,7463.7452609862,3647.45913724178,1820.8107532387,657.270526910737
0.0224448897795591,77096.3136184608,38535.1093928292,19189.2544689636,7593.22652213006,3776.56794047263,1889.39835311799,598.445291294534
0.0228456913827655,78175.2342030707,39004.2781252149,19494.0204312726,7753.01575968737,3788.99609251683,1797.86240918692,653.469062992973
0.0232464929859719,79233.7317740578,39606.951216301,19712.9489226837,7817.21661151502,3856.367003831,1886.9112176591,704.501732529608
0.0236472945891784,80359.2526741193,40119.0279687581,19975.4713915808,7903.36104408185,3981.34537080953,1914.12086032994,787.385003214981
0.0240480961923848,81401.108173622,40594.0295101241,20297.1574546524,8055.64076375052,3951.68810927286,1926.72801490213,791.55318015401
0.0244488977955912,82424.3751174295,41189.5809055221,20497.7993960799,8127.63858300238,4049.73619625707,1987.5816993464,755.759518126095
0.0248496993987976,83561.6746654188,41716.569215521,20824.9913059491,8233.73485041225,4145.00102927372,1991.25317089445,758.472603357424
0.025250501002004,84669.2770880734,42239.1878075024,21060.1177288151,8401.733235655,4128.03946502001,1988.5190670977,767.637755359155
0.0256513026052104,85833.3474522562,42798.1622518073,21414.781978942,8400.99714896683,4147.50296074195,2034.81843316748,715.546703195579
0.0260521042084168,86695.9423251848,43484.690286249,21650.8938825333,8611.66651247771,4299.90757546688,2110.22035813938,795.747646311867
0.0264529058116233,84564.0260213111,42368.3154803199,21221.9564242465,8539.20492108715,4283.14496302973,2068.10475081201,797.647058823531
0.0268537074148297,85805.0821001635,42864.687049014,21416.0017416568,8517.63723548122,4194.50175425231,2141.06667214769,798.2057076723
0.0272545090180361,87330.2439407571,43626.7986921771,21803.3411288214,8632.17129349738,4261.02698840682,2127.52999737122,823.256108446965
0.0276553106212425,88872.1159134801,44412.3150844796,22122.2079752534,8790.90291024007,4371.16564215986,2182.51810127179,845.389008011206
0.0280561122244489,90376.706651384,45183.6565454824,22461.5292586546,8880.34816038864,4388.40851690864,2293.06104716611,822.59329195265
0.0284569138276553,91814.3947826348,45897.2073761627,22847.7538682677,9158.84728957572,4389.88232518431,2261.54633016448,813.491656247807
0.0288577154308617,93395.5724105206,46648.6794333143,23231.7402793457,9193.43864715656,4461.26014266756,2360.54232032591,797.647058823528
0.0292585170340681,94968.6093340763,47421.0970386819,23623.8391831319,9419.72939002951,4680.92752528378,2357.8889896634,836.643917451627
0.0296593186372745,96433.2129500906,48230.5078375225,24017.8712641296,9584.28089374196,4742.35832800137,2383.74490462026,895.971073241595
0.030060120240481,97956.6281141488,48918.644037478,24417.2843081545,9611.33461272859,4780.17978704694,2490.45294647522,924.816217594631
0.0304609218436874,99547.3291200971,49772.3140925371,24803.4737901236,9871.87677557109,4789.21173086979,2451.18413124465,935.239547894712
0.0308617234468938,101075.003252262,50401.7780042817,25152.1758656099,9987.83623211143,4860.66248299792,2544.01235762109,890.505723187062
0.0312625250501002,102581.170626718,51253.5470160167,25565.7594336938,10132.6940965251,4984.48174713437,2586.95478542984,849.419284363987
0.0316633266533066,104104.89120351,52031.2723270348,25999.2449609717,10280.7449648999,5103.71144526883,2586.72713571069,921.966496884676
0.032064128256513,105716.228622322,52777.968191189,26316.2663586584,10526.2773673207,5162.64690323103,2682.74372430562,997.058823529408
0.0324649298597194,107213.107638391,53566.983064183,26793.654002205,10593.442032251,5223.11051849072,2603.11747739986,997.058823529408
0.0328657314629259,108720.872573769,54331.4295977857,27070.1980477628,10778.6961612924,5337.19052742748,2773.79414521289,997.963746641623
0.0332665330661323,110357.719208017,55065.2794241079,27551.1029827616,10900.5614234961,5381.5496963533,2817.44862702765,1000.43416933411
0.0336673346693387,111816.241014479,55842.6140200192,27894.9857587719,11080.7574448523,5392.27076120065,2801.48998285566,1022.05532700886
0.0340681362725451,113394.619087864,56691.2540575314,28239.8240363059,11269.8306784682,5522.16849892169,2888.24164285581,997.451100075953
0.0344689378757515,114979.745722397,57414.9649319987,28705.9785751325,11356.9970698113,5616.26163121007,2930.84319989169,1054.08192772969
0.0348697394789579,116455.109046644,58188.8653760275,29088.8244984364,11547.9596492501,5658.01624842932,2933.84731625945,1078.99642146962
0.0352705410821643,118123.889484754,59031.4376540774,29468.4499154418,11775.3939746608,5775.90646767377,2983.88019361882,1111.46030830624
0.0356713426853707,119690.608158604,59799.2268662958,29841.728591625,11887.0556528083,5882.29317232138,3111.26338695933,1075.92496909222
0.0360721442885772,121598.218647362,60569.5733706062,30187.4181400723,11984.4544001384,5883.17970115401,3033.1931645216,1082.97578143893
0.0364729458917836,126313.275599694,63002.0581800556,31370.4573629898,12295.690089725,6060.74937110538,3157.43814085997,1131.58601244941
0.03687374749499,127658.505823621,63758.4258644109,31816.8283155838,12635.8444174141,6183.20528291055,3217.39237845697,1191.92134610026
0.0372745490981964,128820.063605843,64403.8110761369,32181.3903625233,12771.3458914542,6317.53945453181,3298.53756638945,1148.5365162337
0.0376753507014028,130062.626531928,64965.5455355438,32427.2291266162,12940.6691589882,6381.6230899758,3233.11615664585,1178.62880865698
0.0380761523046092,131312.253042648,65638.3856359717,32699.1179072628,13062.3656759537,6439.12689412125,3292.44635592041,1242.52405728807
0.0384769539078156,132584.797396576,66216.6775328786,33043.4498201924,13103.2715676315,6551.27122740992,3359.94232206166,1196.47058823529
0.0388777555110221,133801.650979696,66794.5184463077,33369.4676054862,13299.9476662457,6619.08451491,3345.97331957525,1214.70461715971
0.0392785571142285,135018.50704949,67418.2017439552,33711.8273065688,13405.6950048999,6682.84948061046,3417.60941620529,1293.89191472482
0.0396793587174349,136325.942826767,68054.8714228792,34000.3311695061,13494.3568356768,6658.89797827885,3384.42475247347,1295.21531964776
0.0400801603206413,137552.3547475,68731.0502154756,34324.2994207248,13701.2455155916,6757.94061087685,3501.73919754222,1241.28732738731
0.0404809619238477,138823.962390511,69354.8868985708,34600.8790430346,13741.2795255463,6836.62962891433,3511.30714808861,1264.51306007704
0.0408817635270541,140064.929764,69956.3366093756,34899.0346777274,13940.3742759788,6935.48327475614,3499.94488033091,1379.68988578061
0.0412825651302605,141376.747421881,70647.9889066149,35268.2603678235,14017.0000623168,6952.2635887704,3589.68068224988,1373.33627794114
0.0416833667334669,142667.872573236,71233.4220931362,35580.820064033,14190.5716928151,6987.99179550946,3577.16410350883,1301.98473182756
0.0420841683366733,143873.45254615,71833.8047872159,35839.0439712337,14224.7199054121,7095.50030540666,3633.16703003494,1307.6805858424
0.0424849699398798,145134.461311476,72487.9215488799,36235.1269871522,14455.0139881516,7178.45128112145,3722.75871001412,1388.72793732949
0.0428857715430862,146402.901815132,73100.1440097312,36481.8861811974,14527.2039700919,7219.90919988624,3677.33128581999,1367.83125691361
0.0432865731462926,147669.151775909,73736.6865103583,36864.2762345037,14677.567565012,7237.94945097692,3715.84763151817,1372.44761250976
0.043687374749499,148888.762483442,74378.3067301835,37117.7050124482,14800.492125215,7377.88844621524,3795.3006526381,1395.57425840945
0.0440881763527054,150568.256064583,75214.8476645104,37501.7192453899,14908.5646912157,7446.33194163302,3778.1677673696,1395.88235294117
0.0444889779559118,152289.913248108,76013.5051563505,38012.4763995693,15144.0538339847,7441.42049778698,3838.39784116026,1445.61306196842
0.0448897795591182,153931.895087733,76901.3201248736,38426.5927977862,15310.9331412439,7591.21784363139,3941.08265796685,1418.51627984774
0.0452905811623247,155734.645843453,77786.1556675935,38830.2049330895,15421.2538143568,7663.36199106976,3901.35594482249,1399.25987823234
0.0456913827655311,157393.994763811,78651.7350797382,39238.580690514,15631.6321626017,7757.83584309336,3919.73779056038,1450.40868685671
0.0460921843687375,159147.533378401,79549.7079194943,39655.2048657582,15841.8712449014,7917.38443524435,4043.29434370415,1499.0902491181
0.0464929859719439,160921.891273528,80355.0413931052,40114.5949487085,15979.4536007199,7902.3200837378,4036.96093540749,1441.46508286761
0.0468937875751503,162607.219718207,81266.7333475976,40600.0907038677,16178.8739398234,7996.77421881634,3999.19030304977,1458.62710715044
0.0472945891783567,164173.823814601,82071.105114958,41005.6994522628,16333.0933507858,8069.50886846944,4074.0498625025,1557.85326512891
0.0476953907815631,165308.749276854,82623.7968246613,41272.727382316,16417.3458277936,8179.66359295435,4151.67228524458,1541.33851617256
0.0480961923847695,166997.125249093,83466.3987918948,41651.2547379012,16621.5819863369,8290.05821406418,4132.79819485561,1495.40034248694
0.048496993987976,168685.463704251,84285.6441455871,42140.2151261917,16786.8875387085,8348.32974490768,4120.35961512704,1579.25473762088
0.0488977955911824,170421.564587765,85163.70197363,42490.5974296164,16906.9811620888,8431.5121224301,4151.06242510231,1593.54666799915
0.0492985971943888,172052.375636967,85985.604258047,42975.7790490171,17086.6756180654,8484.16328330342,4201.88259171162,1559.45140308596
0.0496993987975952,173787.275727613,86808.3427424558,43327.000581844,17262.7721442566,8575.86533857754,4076.96263954486,1589.16303146203
0.0501002004008016,175436.185674318,87673.9972443733,43777.2446224263,17439.4028685387,8625.11612198431,4058.25136327071,1604.62745983201
0.050501002004008,177061.020993622,88465.0595466135,44215.0412732421,17619.9969027234,8756.65090487094,4090.64220294281,1677.23519350738
0.0509018036072144,178758.427376881,89312.6541877201,44604.323531016,17784.4248061642,8800.94365484873,4142.80852217123,1617.86103961882
0.0513026052104208,180432.331970391,90150.5904071814,45031.1634349086,17928.8451630937,8906.0608376754,4191.93516517961,1642.7572071633
0.0517034068136273,182104.261080451,90980.391874768,45430.9628267726,18138.9335287175,8973.10756972106,4193.56343047343,1645.63085235615
0.0521042084168337,183764.434600483,91787.5911243715,45877.1794213948,18279.702394645,9076.86438638653,4223.11577800108,1689.88946877774
0.0525050100200401,185455.885151351,92642.9886185952,46268.372878794,18430.6479254432,9166.7147513943,4279.99112820691,1666.07771040528
0.0529058116232465,187141.128229363,93559.4082760102,46660.0628494935,18589.5119627821,9203.72984888829,4311.8733747572,1750.43288649075
0.0533066132264529,188825.939212856,94342.8628789173,47107.2388222538,18774.8333056353,9327.65816581771,4374.37997185881,1711.52501338587
0.0537074148296593,190540.967053844,95208.1666102574,47550.255891985,18960.4997424742,9384.25127181025,4395.29927711708,1729.33650566374
0.0541082164328657,191795.166119239,95890.0709051861,47843.2794116919,19053.3121999508,9435.20940359136,4417.24860581567,1789.32369458151
0.0545090180360722,193082.563783035,96479.394268194,48196.5139367398,19210.3341922306,9557.37645344567,4465.4939345658,1746.68379651089
0.0549098196392786,194337.669523692,97065.8259033089,48494.450874507,19281.2376932832,9611.61771517006,4521.63004374493,1813.22735518356
0.055310621242485,195478.654073833,97680.0549666951,48760.9592253826,19453.6191983017,9653.26107708342,4564.52284413771,1794.70588235293
0.0557114228456914,196635.01925192,98298.8610931669,49052.9512548393,19546.5254504887,9694.68237958399,4576.40015034209,1836.2089319655
0.0561122244488978,197801.682717002,98864.5711659363,49346.4029285714,19678.7153069629,9765.03612817564,4656.20398956097,1822.60331812462
0.0565130260521042,198931.796681835,99399.3976265318,49663.1232727266,19819.1685342786,9865.06031249402,4706.59508812763,1816.07569223168
0.0569138276553106,200001.249844345,99940.6342715639,49951.1967523922,19886.9635651879,9936.69848775089,4717.76987417294,1890.44984995377
0.057314629258517,201576.448780458,100517.954742181,50179.8860721312,19993.3100969716,9970.37162560363,4752.51209554983,1841.91299305003
0.0577154308617234,202549.063234917,101250.984281212,50583.302093461,20187.9141628541,9986.52906785585,4776.44060583112,1889.74475802421
0.0581162324649299,203215.751551587,101585.882146727,50722.1284361738,20226.7256938352,10036.3686124394,4844.17620465507,1933.47971133611
0.0585170340681363,203971.339902245,101964.533947107,50932.3083109407,20286.7819625855,10089.7183733451,4909.33466279202,1864.00263580171
0.0589178356713427,204772.836114022,102352.468131802,51096.9491495078,20403.29626888,10159.9420378931,4981.24090412599,1955.9803473506
0.0593186372745491,205600.310648699,102722.134297762,51323.7164063344,20501.081973611,10184.948501212,4989.8209263633,1907.73799072065
0.0597194388777555,206441.729882445,103190.743169558,51565.0485290095,20583.3323463305,10252.7425425089,5122.18474672147,1912.6270240451
0.0601202404809619,206764.785158647,103357.497559168,51652.5297328164,20649.3482997855,10289.3794166735,5216.11224593357,1980.16618224042
0.0605210420841683,206762.581180121,103378.328097366,51642.268933517,20635.4620587347,10343.3600327224,5239.7813812979,1942.26933916735
0.0609218436873748,206514.123136294,103251.617895966,51637.8155742508,20621.8782552949,10324.8106270292,5262.80028026448,1983.32363021938
0.0613226452905812,206121.041794697,103032.902646691,51537.8134676238,20606.4960946232,10319.4481767106,5265.44656892802,2035.26559334804
0.0617234468937876,207480.743056941,103674.608853312,51786.929975174,20596.8941626813,10290.1551450667,5267.87610013065,2026.02523093391
0.062124248496994,208874.733181378,104368.423604368,52119.2659236328,20776.8984023508,10287.3325890093,5273.22647033452,2030.47280889015
0.0625250501002004,210330.529918178,105077.135831661,52452.6354391564,20882.6648402369,10388.5484799746,5262.35106618661,2055.3147469314
0.0629258517034068,211763.056364914,105815.171428651,52837.2389726373,21033.5251630154,10443.7282777972,5283.66209444176,2012.29084416321
0.0633266533066132,206643.610491916,103459.368511113,52136.0803324055,21086.5505956249,10533.3276882281,5314.22811917527,2025.5978582563
0.0637274549098196,206402.184673968,103139.533826527,51537.5493491205,20502.8226649427,10472.0101371444,5339.0353494732,2057.77453195812
0.064128256513026,207669.397685407,103772.84530922,51851.0941864424,20672.3187476001,10291.9946195371,5374.93996503349,2044.14411904698
0.0645290581162325,208952.697277136,104446.405001254,52169.8611802572,20784.9072494234,10327.3245373452,5405.68987390091,2084.74538750949
0.0649298597194389,210190.525697028,105042.488769887,52463.5442240546,20923.4916286988,10409.8085905293,5416.68249277966,2044.97348834543
0.0653306613226453,211488.293893528,105671.063202888,52762.3465417058,21026.376836424,10512.4904326231,5315.25016565444,2073.08759138443
0.0657314629258517,212779.107010794,106310.524643192,53095.3439598037,21165.6533097483,10511.9883495924,5332.11375820798,2077.65005203832
0.0661322645290581,214066.053607674,106961.563059113,53425.5566649588,21283.5904124336,10557.4727791932,5325.07480486936,2071.04720846789
0.0665330661322645,215385.086052184,107612.004067762,53763.6579060855,21401.1180836529,10622.5234856945,5366.47058823529,2114.77237498836
0.0669338677354709,216697.537910137,108264.989810756,54065.2122213608,21528.3636704129,10693.6751391685,5411.31817327148,2102.35940650699
0.0673346693386774,218039.081885623,108952.076126789,54408.8702434545,21648.0088410314,10767.6229448662,5418.4747855213,2165.89163448133
0.0677354709418838,219687.17752122,109743.964201282,54789.1187987272,21805.1175752341,10813.9522058063,5432.57587732275,2104.68656774101
0.0681362725450902,221340.19904215,110565.399445788,55204.1361653097,21963.2011270693,10877.4279704823,5465.86437135874,2112.54891873243
0.0685370741482966,222862.844075551,111358.524510985,55604.4152817041,22129.0699077776,10969.5308676128,5499.40461335016,2138.55246890783
0.068937875751503,224303.387375755,112062.523710232,55949.4010987843,22275.7723374655,11055.5072031553,5538.02803658678,2152.53328606054
0.0693386773547094,225632.669391705,112750.805162018,56301.4514921795,22400.2435481445,11126.6786000371,5595.80705017465,2193.64426573173
0.0697394789579158,226850.79900654,113346.935709697,56607.8027281941,22557.8566339471,11198.1664902051,5638.77492719908,2192.70404529326
0.0701402805611222,227752.160567356,113830.764110915,56902.9383205806,22666.7692475417,11246.9049644125,5679.16101922972,2193.31285964588
0.0705410821643287,228516.94164881,114196.780420217,57072.9064625295,22746.3603142666,11298.4374020547,5711.83871628303,2194.33254988798
0.0709418837675351,229658.309335477,114755.374724666,57327.0711074942,22840.0996075707,11365.93625498,5732.16089389052,2189.62177302355
0.0713426853707415,231094.205660179,115503.007341639,57693.2105703123,22956.8102712321,11418.8191695803,5771.49779412077,2192.4689488624
0.0717434869739479,230907.507939647,115439.075641445,57717.7779531928,23061.8928274249,11477.3248615603,5797.57421035388,2220.37855932035
0.0721442885771543,230494.103763739,115249.06902651,57639.7014406019,23027.2344285554,11526.7745648611,5846.19237559337,2236.7521147601
0.0725450901803607,229876.022527799,114927.182328577,57480.4488201831,23012.4013720715,11523.9610186316,5865.98514245979,2266.388080753
0.0729458917835671,228908.603646771,114498.377377317,57275.9376145537,22924.8181203448,11496.476937237,5879.37271270118,2259.97344659201
0.0733466933867735,235396.728273083,117433.526269954,58262.3814038785,22953.9263712602,11443.7683804391,5860.59676029134,2342.95541274972
0.07374749498998,237019.393202161,118453.432041887,59176.3698649909,23628.8320060454,11522.4360888167,5876.48858804782,2294.19642872125
0.0741482965931864,237688.718505825,118789.227084176,59324.149909342,23673.8310813437,11775.4895738567,5865.28247273103,2317.58235987001
0.0745490981963928,238396.755375823,119138.161089252,59496.789705213,23717.7989242151,11813.2828361791,5838.88383516604,2325.06958611037
0.0749498997995992,239204.118041473,119550.978497804,59709.9578067275,23809.1959613942,11828.0078774891,5804.72870730719,2356.3082360922
0.0753507014028056,240035.046227343,119962.138049483,59899.9208701845,23881.7072996115,11855.6308953608,5952.23621635202,2340.67435340469
0.075751503006012,238005.343426877,119202.202822923,59981.9909902876,23976.4903832372,11919.7320588854,5990.20573902448,2368.26715782684
0.0761523046092184,234959.362730077,117425.707002674,58666.1619846414,23515.0403543815,11977.7378992256,6018.48174007811,2321.48683534026
0.0765531062124249,235807.231632447,117850.573610336,58850.9601130365,23481.8433080121,11893.5384238465,6016.19352271912,2350.68432007742
0.0769539078156313,236589.919149574,118220.310178911,59041.7411283389,23594.7149738763,11720.8050475718,6033.19491737729,2327.17599595546
0.0773547094188377,237403.885500769,118659.30283873,59273.0347386882,23641.4157592099,11765.638500929,6044.49082459552,2337.78035195159
0.0777555110220441,238252.23571598,119066.147848259,59463.5366853187,23729.3387442812,11793.4921837198,6050.34945017267,2369.1988475143
0.0781563126252505,239113.976310326,119494.222336337,59657.2142434651,23818.8038668812,11856.6941548614,5930.02870801863,2348.05389548186
0.0785571142284569,239981.909068782,119936.457460531,59888.8743005902,23891.9486390267,11864.5275560432,5959.05379809902,2374.36963357477
0.0789579158316633,240836.269653244,120354.697257921,60103.9287432868,23973.8562091502,11914.4756651825,5972.72012563034,2328.53054850399
0.0793587174348697,241720.824536312,120787.376291923,60307.9258750918,24054.113544211,11968.6340121003,5965.67142019976,2357.74381401872
0.0797595190380762,242581.501516114,121230.618351896,60548.3325816775,24131.1159533824,11981.6103148522,5988.02742645078,2342.17754309075
0.0801603206412826,244289.482771233,122018.557324532,60874.4697232041,24229.3075412068,12055.5922030333,6018.10890416119,2352.19934459744
0.080561122244489,246291.197735295,123042.430991487,61402.9125206606,24423.3660130723,12113.5642803058,6041.25504062461,2374.51845355919
0.0809619238476954,247943.414279671,123858.362217142,61841.6730180785,24623.4459742506,12161.8573997318,6070.04499661758,2395.96745175393
0.0813627254509018,248129.431914639,124075.303244681,62059.3230055035,24776.1179280905,12274.8286733136,6089.94971530253,2403.38044810521
0.0817635270541082,247292.105678972,123639.31499159,61843.625194177,24772.9945382825,12342.6337217447,6123.8158952483,2342.31693717102
0.0821643286573146,247044.474526089,123503.105943131,61745.4229639645,24700.6897185603,12385.7032293432,6149.83118438572,2362.89807340518
0.082565130260521,247356.724971379,123632.672624818,61771.1375568521,24680.5359671928,12308.6629274375,6197.04511116975,2343.79585436828
0.0829659318637275,248250.419019096,124063.3943696,61961.3185094228,24723.0392156877,12316.2789812653,6232.26820132737,2359.59882958418
0.0833667334669339,248402.527202321,124208.8391343,62139.710273502,24816.629919505,12341.5796636634,6256.29246276322,2390.83042410278
0.0837675350701403,247251.187329567,123678.487588019,61892.1155812816,24816.6677198731,12382.4167123403,6230.5195324831,2392.07417116052
0.0841683366733467,246126.731121076,123056.675269798,61493.6571580046,24687.2350027008,12403.9958824813,6202.23168208684,2393.75396138386
0.0845691382765531,246071.789673421,123025.592657353,61481.7533456775,24585.5550082899,12354.0890679676,6233.70289789446,2401.5866367265
0.0849699398797595,246141.979632285,123047.557917214,61475.5700288265,24584.3806259205,12294.0676997312,6272.27443198819,2412.34669828698
0.0853707414829659,246288.178964758,123102.290011252,61499.7480840397,24590.5798404085,12277.2495514556,6283.29037358361,2411.5977019748
0.0857715430861724,249924.442882297,124621.13073809,61886.0495096041,24595.8414685018,12263.2470119522,6255.09017036904,2420.06412472124
0.0861723446893788,253561.265306162,126747.211183464,63330.8763502926,25192.4484772543,12284.5000104274,6215.46897681505,2467.83639607998
0.0865731462925852,252475.680314657,126692.392713316,63426.6627034637,25310.4318337737,12398.8728383804,6210.75101662318,2488.12315364869
0.0869739478957916,247529.108305193,123752.527930586,61804.1383157656,25128.6176924074,12618.8701881288,6195.2628642553,2487.63708295626
0.087374749498998,248016.79854777,123963.618649775,61948.7178514555,24757.2433022131,12644.5045486626,6200.44997039701,2488.65610361594
0.0877755511022044,248425.364375856,124203.666236721,62004.8979878658,24794.0172166122,12360.4884561841,6221.90308679621,2488.84049975409
0.0881763527054108,248906.318979376,124422.297278715,62142.619949465,24822.7968220214,12365.7629609642,6377.22951299071,2488.60656445001
0.0885771543086172,249371.795474451,124651.792958032,62267.0117224018,24872.948121004,12412.4366711736,6390.09308688303,2495.64814175301
0.0889779559118237,249830.85554323,124880.650614372,62363.8431874916,24922.5919309863,12412.7988047812,6316.29951448539,2505.62097788498
0.0893787575150301,250242.159915735,125102.066518777,62486.8683542871,24969.7130243793,12414.052319577,6248.59562064895,2485.75870149079
0.0897795591182365,250640.944698508,125262.800199685,62593.3171745187,25014.1936774242,12465.3129622637,6285.3518881756,2458.73250501687
0.0901803607214429,250999.200020338,125466.440564155,62688.3530213779,25064.7957195373,12470.3110770963,6263.29817731584,2441.96280376179
0.0905811623246493,251300.349182181,125620.522228382,62771.4205396104,25077.5670582906,12488.7611921625,6273.20271128749,2453.47360819671
0.0909819639278557,251467.24334944,125731.994971466,62835.1152244114,25133.2101602174,12531.8704171526,6278.29233415351,2429.57104778546
0.0913827655310621,251702.673892975,125892.77435611,63035.0055190077,25162.6946460185,12512.5,6297.73604828382,2438.75391912599
0.0917835671342686,250971.485311268,125503.478886294,62801.7064558721,25157.6173048665,12562.3505976091,6303.90960311108,2499.24789426821
0.0921843687374749,250561.688146192,125293.360473021,62663.4916765287,25084.6058663003,12569.3681451291,6311.61959200971,2504.91132039084
0.0925851703406814,250331.730042761,125179.969523558,62570.8108512577,25061.9453957804,12562.0374605522,6321.61623193286,2539.19522683261
0.0929859719438878,250374.370357012,125191.966242746,62571.0946894092,25030.3079948054,12530.2069939898,6330.11625602786,2466.28496904964
0.0933867735470942,250130.363277083,125063.67641991,62537.7090129129,25030.8896668517,12518.5374737407,6344.99585558445,2460.62560753025
0.0937875751503006,249605.752114236,124826.556750073,62414.5883199578,25017.4040490879,12510.536925889,6360.27648717251,2473.88940338941
0.094188376753507,250237.627475657,125111.114089368,62524.533241181,24959.8891890126,12512.2524883381,6358.82754544446,2489.42498710277
0.0945891783567134,250234.895770638,125116.602283468,62534.6579851459,25019.628628862,12489.8621750966,6320.47035973916,2490.23005491005
0.0949899799599199,250300.548558098,125141.452640677,62533.1028704867,25011.0382633156,12494.2957888879,6309.01697399912,2473.84336952759
0.0953907815631263,250425.360472478,125198.229935838,62547.5468652658,25028.5200336031,12512.4950632654,6315.17498755103,2485.93073808473
0.0957915831663327,250562.311851558,125271.930091662,62567.3063913388,25039.1898028784,12512.5,6303.83388401067,2499.79173585621
0.0961923847695391,250724.887942524,125355.783957887,62612.1667180245,25031.6730693747,12511.1001087685,6275.09401746288,2487.53094545468
0.0965931863727455,245583.600206152,122248.121747676,61001.1845546203,25072.5243736315,12532.3651079813,6298.23886245514,2496.67928437649
0.0969939879759519,250665.746955495,125311.015970396,62616.7955990252,24604.7906456493,12548.8315076913,6294.47093313794,2513.13218667754
0.0973947895791583,250835.26790053,125426.174142324,62651.1579634201,25046.104797304,12250.4012756144,6289.83456884132,2505.59608516998
0.0977955911823647,251061.109003213,125533.165296552,62733.7062491677,25070.6898355689,12515.7014804365,6302.42943311107,2519.9864921153
0.0981963927855711,251149.70462663,125601.470250849,62767.7251552567,25108.6058812773,12531.3656385138,6300.96285086524,2527.97321360446
0.0985971943887776,251240.475809123,125638.150187772,62772.8723499461,25122.0792436417,12524.8185356867,6293.96956715623,2542.89291839991
0.098997995991984,251180.03733654,125599.718771328,62772.9138007915,25150.9231440234,12561.7189242549,6185.80445070283,2521.67874082783
0.0993987975951904,251019.24162913,125573.187133194,62743.0043407889,25125.2038057296,12575.39187821,6299.87011293195,2518.04416849706
0.0997995991983968,250758.742166966,125419.125588472,62707.2077415473,25110.8443179152,12600.9589608093,6310.25045486428,2533.84974892149
0.100200400801603,250200.998035086,125149.212106377,62586.8303365349,25079.5219026189,12569.0171028769,6316.47669110202,2539.22182829933
0.10060120240481,247573.208839878,124077.32394036,62250.5165084046,25044.4943454726,12549.0091235956,6313.41869944586,2537.80594770321
0.101002004008016,243843.040653714,122140.906874306,61223.674486863,24774.7539378241,12573.9390563048,6322.85881281163,2508.99681221882
0.101402805611222,242647.248725178,121268.423597872,60602.9657552701,24400.9671227187,12492.8331288892,6315.11211318969,2525.01977342294
0.101803607214429,243873.955503422,121890.699673447,60828.8249127499,24267.5175438043,12305.957027796,6322.16327651538,2514.89257853457
0.102204408817635,244439.752813336,122231.829076004,61068.50047446,24423.5616556273,12153.3499311971,6272.58591909427,2501.46050624263
0.102605210420842,243630.161346755,121918.42183449,61033.9614667833,24467.3645812579,12203.7369660622,6294.96810820742,2489.74896642124
0.103006012024048,242605.22193549,121329.74146042,60640.3686034926,24399.4471334876,12236.6345513336,6280.18003238955,2570.14139260392
0.103406813627255,243336.910493182,121638.811899286,60738.2768990368,24280.222061663,12208.8720983878,6216.79898162338,2492.64705882355
0.103807615230461,245177.582474844,122461.000542806,61122.5076452436,24341.2666683754,12149.3392557789,6119.4999610516,2492.64705882348
0.104208416833667,245758.778737097,122865.034133407,61378.659027234,24533.3457845374,12163.5458167324,6115.77011199368,2498.98467177991
0.104609218436874,246188.85768986,123091.163257127,61466.4917982293,24585.7854805894,12230.7431501836,6162.84140632802,2494.50678941315
0.10501002004008,246527.762038873,123255.020096658,61556.7224293662,24633.6027302564,12294.6219310492,6158.71126132061,2507.38711098393
0.105410821643287,238841.447074433,119441.294763497,60244.0055245143,24644.1788627563,12308.6390428204,6115.10329677433,2516.77806519991
0.105811623246493,239141.94132002,119591.233451697,59751.3876117272,23910.7374696348,12329.2356957833,6133.89413839139,2515.96966492003
0.106212424849699,239316.062976889,119677.119075132,59810.3549800253,23960.5381289445,12142.7215768156,6183.58509971025,2530.38929756468
0.106613226452906,246732.74536974,123378.745804558,61636.663755739,23959.1067248056,11974.3206884717,6208.84511191855,2511.67612797793
0.107014028056112,246549.415648894,123315.591678928,61659.7689257048,24690.9653479961,11998.0879843956,6210.16454383065,2500.22386531227
0.107414829659319,246263.361145294,123156.960978978,61589.2413911271,24671.6653815193,12259.0781024654,6209.28639335482,2502.66180072036
0.107815631262525,245704.379936486,122905.342841443,61456.5417132102,24621.9891558287,12333.851240572,6033.06359002452,2488.56324673554
0.108216432865731,244893.531751559,122545.074504947,61299.4990917726,24587.4497716114,12332.9957109377,6014.33423440427,2422.78079684964
0.108617234468938,243787.527657301,122001.638418258,61052.9907395642,24531.8355055318,12347.4246855187,6039.01548435761,2464.11481858231
0.109018036072144,240350.112592395,120594.102074856,60734.2206886063,24407.7287252694,12273.475852001,6167.37247014864,2456.64616969598
0.109418837675351,235144.504495529,117926.765903568,59244.4145220461,24156.8794859106,12239.2972871674,6199.22941151089,2472.97382494041
0.109819639278557,231532.183687039,115977.107107044,58203.9249143197,23627.9202043228,12196.625818476,6197.17422641451,2447.93415687081
0.110220440881764,229544.628591725,114876.700365721,57510.8292111393,23217.74748563,11955.1490195886,6178.76934853608,2437.43418445824
0.11062124248497,229706.274604982,114777.789788566,57288.6324942459,22996.7726003502,11763.6009316164,6170.34952668125,2440.35564879374
0.111022044088176,229761.402069485,114976.103441424,57616.7591304993,22995.2417584133,11564.0911168224,6157.01735297831,2461.13882114986
0.111422845691383,230391.499386172,115212.006929214,57547.782415104,23043.8202094376,11540.9674626055,6115.41347233539,2467.33357018781
0.111823647294589,230788.110221862,115409.323089137,57734.3866222462,23075.3105170982,11558.364345982,5999.67630964228,2465.77934909219
0.112224448897796,231677.889169362,115759.24448611,57799.6202958769,23105.9118378067,11589.1858613538,5963.1993557158,2453.13525169732
0.112625250501002,233758.293806234,116734.800841902,58251.2161023161,23191.8229971996,11565.3386454187,5857.38290711316,2395.20104306894
0.113026052104208,235575.943218218,117747.241931064,58794.2694670143,23395.7898404387,11587.5257201429,5796.96775863873,2409.19777498259
0.113426853707415,230461.486416781,115853.653546016,58694.299180778,23574.1184289467,11665.2260341585,5805.05993890363,2438.88631285612
0.113827655310621,228636.858601048,114335.931092882,57112.5676059155,23337.8039266504,11791.0378279851,5854.40397134147,2460.56737271441
0.114228456913828,229168.400973073,114602.350531165,57255.9961027092,22923.5592507945,11829.0733015452,5849.56683296822,2475.16302856294
0.114629258517034,229384.428103656,114725.117564163,57344.8034683174,22970.5719525604,11525.8683796875,5843.73532896043,2461.26776444173
0.11503006012024,229314.661800988,114707.482667533,57357.5594181088,22993.6219175741,11514.6408646495,5855.60434698603,2442.84463111966
0.115430861723447,236821.372648862,118502.966226664,58846.1631903363,22994.7957312096,11525.2618989305,5941.02182270274,2437.76213070889
0.115831663326653,235913.579368587,118059.628758154,59077.1189153812,23752.4450899927,11547.1907973525,5939.97097500719,2468.91517951777
0.11623246492986,234533.638659937,117408.701831692,58765.7114243545,23644.4448335779,11722.0355181325,5890.08309256223,2403.05192907034
0.116633266533066,232673.907369639,116536.831877975,58344.608050611,23532.7701505527,11871.4440453834,5764.18476049827,2440.18502230787
0.117034068136273,226261.629059148,113589.201912031,57359.5749358487,23370.0920934602,11832.8330069886,5800.97403187888,2388.95954964894
0.117434869739479,220549.85117281,110662.702184985,55757.8179780843,22877.9626990134,11761.9433642771,5799.39785288859,2362.01252759946
0.117835671342685,216716.554346601,108605.543242026,54542.4103248532,22256.5013247573,11719.2859771274,5962.94707978245,2376.89054388176
0.118236472945892,214134.508431169,107341.685229222,53854.3361622115,21857.8555403072,11367.3511410872,5988.74806539835,2359.3334886863
0.118637274549098,210535.395951688,105629.531923978,53088.1188197446,21561.512304705,11054.4033494366,5989.2154063311,2393.5838460233
0.119038076152305,210045.504073987,104881.53000522,52238.684907391,21222.5741215114,10895.7476057602,5958.68670079851,2347.87164455331
0.119438877755511,212583.93251777,106230.215990722,52919.1535073693,21025.864306491,10762.2755717556,5887.44942247372,2370.02355910985
0.119839679358717,214511.075212829,107182.257541103,53488.5977324769,21276.3282183937,10634.6455463436,5796.84826960017,2394.01420679824
0.120240480961924,215563.689240406,107760.546194834,53839.1743388862,21501.3863743612,10679.4186201729,5667.0532051581,2399.69048807742
0.12064128256513,217314.352199792,108553.709554522,54105.8911869101,21585.2757097161,10697.1970129829,5503.49180235573,2377.21070655664
0.121042084168337,214782.05994046,107794.159854742,54416.8781229566,21776.118505393,10843.9083122247,5433.99972291105,2332.80942472317
0.121442885771543,213194.846223801,106528.300536581,53183.5954499616,21681.9349118546,10869.1000035448,5367.3399597164,2316.9454087408
0.12184368737475,214416.234139596,107167.178208339,53549.6880721596,21379.6993245056,10969.3623036129,5367.02210301483,2321.80622155676
0.122244488977956,215064.325710177,107535.380988468,53763.4235816784,21535.072512973,10813.9328740539,5371.29860066409,2384.17016166146
0.122645290581162,215130.077879925,107606.821125948,53803.6521732387,21563.889397883,10785.3496963102,5429.2221958407,2425.48754221159
0.123046092184369,214702.701269235,107432.505070458,53769.1435867437,21591.5783038318,10847.4507482003,5443.47273197188,2409.25244165712
0.123446893787575,220107.808902991,109532.734660152,54050.645518262,21534.1607026186,10864.1927123278,5527.19096584733,2418.79448785601
0.123847695390782,220145.363660484,110273.312182557,55301.9063042902,21816.9845036794,10871.7634917035,5565.22875816955,2403.89741715274
0.124248496993988,214970.744763992,108254.379214489,54730.4383509119,22158.6809611737,10822.3698248682,5409.89537728213,2408.27920685309
0.124649298597194,207288.313154829,104162.817509726,52649.6543718855,21855.4090293951,11123.5714023901,5480.71258955046,2387.88742122793
0.125050100200401,201741.506651897,101324.484043027,51086.4186747882,21027.0502965104,11091.9493317347,5495.2558683973,2282.82255169632
0.125450901803607,198271.318715267,99498.5196841778,50012.0319374944,20467.8550207659,10935.8632095852,5473.30627706316,2316.98690738651
0.125851703406814,193783.98919814,97369.2053918017,49087.9372785928,19992.8651003008,10538.992940693,5507.6114523947,2245.1806554285
0.12625250501002,189399.766413657,94986.5879932275,47782.0526967795,19673.0900322718,10237.7956749009,5539.99141202044,2219.0578444189
0.126653306613226,187568.63262821,93910.375967873,47113.8562506173,19170.3016550976,10091.1449137193,5652.16341489065,2249.22864022653
0.127054108216433,191290.105747096,95366.6813326064,47485.5644408933,18925.3723520506,9804.33434274486,5561.45872171671,2197.46743771333
0.127454909819639,194699.988925705,97154.5622895438,48441.2032179286,19132.3922634451,9662.81317800999,5443.20391869649,2241.1445985394
0.127855711422846,196984.436705689,98465.3331769678,49158.511141601,19449.2189473812,9477.12904858479,5231.17533596456,2231.79582741128
0.128256513026052,192259.943861553,96792.8814534693,49040.9674677249,19694.2234983511,9692.88236283766,5150.93999885823,2306.31799965269
0.128657314629259,192532.521654447,95994.275824241,47749.6227205296,19615.086248759,9888.01162776408,5062.89018970543,2233.04397957297
0.129058116232465,195543.242377281,97701.4680412197,48663.4595289078,19214.1174900154,9957.64380752817,4954.67131694021,2192.13328128484
0.129458917835671,196987.012043991,98496.4774897608,49199.5297051523,19581.3424557475,9769.35184139485,4848.81333015268,2202.52869903024
0.129859719438878,197443.331292963,98797.181196519,49416.0145452907,19762.7050187834,9674.74361928553,4838.21972893303,2198.15608303321
0.130260521042084,197009.211805649,98635.2110044475,49412.0877031225,19831.7830498724,9863.83771535664,4966.30205605358,2256.76502177805
0.130661322645291,195622.005871908,98045.0721755437,49183.5910395111,19838.8155504939,9988.37370280179,5104.57294854106,2217.68304498072
0.131062124248497,199394.580604587,99331.0297961719,49241.3127188134,19742.0207330046,9997.1917246108,5099.04914852584,2329.73789734036
0.131462925851703,192856.006546239,97256.949143151,49339.4351092154,19928.199356391,9982.15182198471,4968.9542483661,2290.19218704002
0.13186372745491,185626.238211904,93404.2107627862,47262.6348497373,19852.6126350777,9955.75058886445,4970.14450408249,2310.95529721367
0.132264529058116,180991.528058189,90915.4011545572,45793.2120978387,18990.5326667857,10118.1818015278,5066.09335934353,2209.75415764508
0.132665330661323,175909.789067929,88541.682315463,44779.3758053244,18391.9869868365,9869.46843396654,5118.18485920894,2206.85675521826
0.133066132264529,169889.135734777,85429.7910835289,43255.7751176607,17986.6946582867,9498.23025828654,5132.32983707263,2192.60640123769
0.133466933867735,166605.333584919,83623.7641321674,42116.869271941,17417.4019184344,9260.81340483899,5042.65344254353,2087.19245626645
0.133867735470942,164991.155420675,82704.539912039,41495.3539225756,16939.276555185,9017.80715602944,5014.74017037672,2079.90413737531
0.134268537074148,167461.365769499,83365.077085269,41336.6883057122,16741.7401913827,8745.0992916622,5150.60374884447,2078.83229903673
0.134669338677355,172507.04137806,85996.0597576997,42685.0326223246,16682.7360104077,8550.3608766821,4916.67531035603,1994.11764705882
0.135070140280561,169810.863970624,85654.5815474484,43378.7575522286,17260.2505205112,8402.39523925629,4796.98728505244,2075.56750952363
0.135470941883768,168005.03607989,83953.2376243117,41817.8877296752,17381.0457516356,8410.13840480823,4715.02445366005,2055.3952710572
0.135871743486974,171749.986881912,85658.6038937236,42528.9918810396,16911.964931904,8700.82166151511,4548.21846659906,2035.55152206228
0.13627254509018,175317.959467836,87648.9757992873,43652.040499374,17082.9680684047,8775.10957545809,4420.12487763151,2092.95623388379
0.136673346693387,176572.541223819,88373.2966670138,44141.9779278516,17582.9511818841,8518.65787453896,4371.29297753574,2001.01770199114
0.137074148296593,176463.262786774,88398.3347028797,44240.0576688339,17742.2160528239,8739.09200276004,4350.18227970604,2045.258930495
0.1374749498998,174891.109628224,87796.4998884523,44076.0555852309,17797.0469256487,8908.71064786684,4432.87507909667,2077.26961089434
0.137875751503006,169552.207778275,85789.0295799468,43561.7486122056,17775.9569958276,9015.96549631162,4540.09966118997,2086.90932906461
0.138276553106212,166881.876988207,83584.0440865425,42029.0858725689,17502.0557679747,9014.5276526622,4372.67973856186,2089.23094116889
0.138677354709419,163003.779335198,82110.9322903708,41649.9446238484,16981.4814814846,8975.7767879612,4369.69758688988,2088.71317042854
0.139078156312625,157993.611164131,79733.6223226263,40366.0211630144,16882.6019508329,8841.2446273255,4458.23342387602,2185.3009277815
0.139478957915832,150591.275552894,76183.4081040011,38842.026466192,16266.9613089914,8773.70517928304,4559.59664113087,2120.51223435326
0.139879759519038,145595.678748151,73358.2815537899,37047.8368753468,15647.4669548012,8532.47743856718,4599.13039006141,2176.02317704413
0.140280561122244,142413.659100535,71621.8617590849,36121.1084406208,15031.1705876909,8241.3485268886,4619.8410465246,2046.57209269045
0.140681362725451,140844.936161388,70707.9463896237,35484.1666945764,14605.3139933952,7975.90465229118,4559.2575989122,1971.29730833562
0.141082164328657,140792.76404355,70515.1358262687,35245.7714161086,14352.2353241305,7588.16048747292,4449.7532974447,1906.63309615278
0.141482965931864,143591.614895466,72174.5893945555,36358.028082045,14218.2522195673,7477.50461862992,4372.67973856238,1968.61205338021
0.14188376753507,142309.511843775,70933.6485837943,35785.1306064308,14584.0958605623,7299.0967411987,4372.6797385623,1825.83928197988
0.142284569138277,145033.366361508,72512.1795570381,36151.1008352816,14384.31372549,7243.70929135552,4174.90024978113,1835.57966223895
0.142685370741483,148449.813234894,73985.4694410964,36809.1530600251,14569.3304933335,7510.6696590011,4038.1698761716,1899.3444135535
0.143086172344689,152345.953810685,76141.6077648419,37829.7176323935,14833.4457116467,7357.05532457577,3851.69201655337,1820.36986641997
0.143486973947896,153311.64772009,76820.7291652846,38426.9803079231,15221.1026465497,7466.92953730299,3789.43778297745,1906.86080571575
0.143887775551102,152133.745533291,76402.7660556587,38401.7484855696,15540.9025428825,7576.67903909068,3773.84943436747,1922.18449921589
0.144288577154309,146399.481680861,74202.8730926704,37916.2152282208,15433.5149310549,7776.72161475316,3773.02348993491,1821.225276608
0.144689378757515,137860.907956787,69974.8811974878,35885.7483577986,15255.7018699596,7845.24042343108,3952.24098827049,1932.0586935007
0.145090180360721,136993.505570162,68176.5340803858,34223.6842105211,14402.7760037665,7952.1116214847,3776.40522875799,1912.61977431844
0.145490981963928,134332.95892922,67975.140723533,34758.2592802533,13784.9673202639,7837.60070950989,3846.01924353843,1921.45165062372
0.145891783567134,126095.586091273,63808.8168615556,32782.9716756948,14029.9058825001,7521.79808038761,3933.67609070104,1959.05074855593
0.146292585170341,120989.2635886,61139.0116484531,31036.68144836,13314.7238696435,7178.48605577721,3963.7592854596,1920.66686160445
0.146693386773547,117586.218416792,59328.693652059,29987.4851125005,12579.0382064561,7255.33260437567,4013.44273666404,1988.87341836889
0.147094188376754,115747.469937968,58187.8412702244,29339.7950269555,12198.4465921148,6808.62426508215,4030.03764969666,1949.74212929068
0.14749498997996,114996.617852635,57821.3130072897,29052.2871150378,11939.2533933178,6569.51249461745,4030.06312552124,1812.7888955937
0.147895791583166,111394.71912799,55980.2909432236,28207.701808218,11787.6555411773,6305.43838823871,3824.48151951045,1744.92093744249
0.148296593186373,116051.048185242,57551.2732947742,28171.2565887054,11532.1579377798,6186.83946426486,3776.4052287584,1784.08525411582
0.148697394789579,120195.705455849,60108.9997760398,29755.4979176264,11391.4347992226,6075.28780462505,3701.96724012734,1705.26404935306
0.149098196392786,122562.57363361,61243.6272032454,30433.9428955496,11989.6256397025,5941.56168665532,3579.65391428406,1596.63681589321
0.149498997995992,126205.711268405,63261.2089868353,31246.1364987265,12358.1764355373,5845.18725810778,3375.58047245492,1666.93349268668
0.149899799599198,127375.831334696,63980.2865055673,31972.7384896251,12672.3976746559,6170.40463743164,3334.11122272946,1608.06701321625
0.150300601202405,124006.896709972,62961.255387165,31924.9206795102,12955.918759655,6345.49839075061,3227.01415356809,1619.34320832324
0.150701402805611,117036.331214298,59531.5712838848,30462.8200318231,12923.9787119688,6496.29054379415,3188.68273004216,1761.39683908047
0.151102204408818,109414.440716064,55780.3613326711,28642.2574674908,12458.2191815687,6747.5445347165,3180.13071895494,1725.68137204506
0.151503006012024,106194.965631635,53381.206006566,26818.5595567981,11724.8371206196,6626.92780013501,3180.46295882292,1627.41373219197
0.15190380761523,103461.737453004,52856.2486756605,26787.1153708828,10988.0174291955,6517.45542571666,3183.43036856967,1747.57248816481
0.152304609218437,96827.3667532666,49293.9022184594,25249.4122484111,10988.0174291928,6178.00940589654,3354.19804725573,1764.82983909751
0.152705410821643,92755.4042157509,47059.5030027103,23912.2789390279,10397.3046645005,5785.50678615481,3375.82777766969,1722.53181468061
0.15310621242485,90025.6802517612,45611.3669702471,23061.8659166646,9809.08786414817,5782.65593561493,3471.84279824912,1777.54718943067
0.153507014028056,87598.3179236394,44817.4120429932,22561.3510882363,9425.88453874817,5426.1188824325,3505.50941368393,1680.07504604661
0.153907815631263,81410.8875245001,41602.3905396524,21411.8284432847,9248.00186378261,5189.15795838265,3383.13994362952,1596.18744984916
0.154308617234469,82979.3799351506,41043.6734934433,20096.1792289319,8937.55703133672,4985.05976095678,3228.50584986194,1621.36676724904
0.154709418837675,89815.6691735628,44569.7520094874,21706.0857010998,8390.84967320193,4932.3539181744,2995.81813957621,1641.83408575757
0.155110220440882,94474.5003197037,47436.6564394975,23385.1336749602,8980.7017280247,4790.82641234027,2981.37254901949,1596.2075451152
0.155511022044088,96845.8268649712,48434.6971808154,24058.7263815659,9608.40493634693,4523.60725175411,2815.56050362419,1473.87232314395
0.155911823647295,98805.7941501011,49805.7669467308,24913.4063328472,9843.9783007927,4583.73279181516,2790.77655991068,1395.88235294125
0.156312625250501,95673.6637302772,48567.0950677539,24907.6880349974,10105.945303476,4950.43023594966,2598.95311965294,1462.4721979166
0.156713426853707,90152.1404075696,45945.3146028047,23680.6027898655,10263.4118597283,5075.61107998247,2593.8348177477,1400.52648356252
0.157114228456914,83800.3472790489,42851.566218977,22204.2074145692,9792.80760003874,5356.1583938061,2582.85229047719,1395.88235294121
0.15751503006012,77596.3214031858,39390.3299044121,20558.9980077913,9230.92837504809,5374.20847687767,2408.13039880577,1397.29138156775
0.157915831663327,77596.3214030029,38986.2740497414,19813.7119113575,8588.37394813841,5213.53160763682,2390.54605273188,1492.76186139283
0.158316633266533,72455.3823039313,37235.8685873534,19582.1915703992,8191.06753813041,4890.23940454862,2589.45707579801,1422.38389053585
0.158717434869739,65199.4543120866,33384.1078502285,17585.1841207918,8178.06276563976,4583.26094141779,2714.36525214642,1487.24882462254
0.159118236472946,62580.9079443301,31795.9471790169,16258.8774723234,7393.56029377222,4386.85258964257,2771.18751294546,1579.72708319797
0.159519038076152,56600.6601220437,29394.9323299983,15467.0603536818,6880.77965908332,4331.56672175978,2866.72283255416,1503.4213233881
0.159919839679359,51198.1984061462,26607.412449351,14009.6952908687,6680.34510240266,3966.61765793276,2858.80932153459,1530.58290859366
0.160320641282565,54015.3509544874,26716.2199371096,13125.0971568221,6038.37426561088,3760.21061596336,2678.82196515207,1585.1754258068
0.160721442885772,59424.8063895798,29537.6447580248,14409.5294354927,5592.97364907479,3556.58495211308,2541.34781623141,1446.37955454073
0.161122244488978,63824.3001015059,31800.9214772768,15644.604949356,5994.27090248537,3216.48875676819,2385.0980392161,1395.88235294117
0.161523046092184,66410.2555378508,33441.8671981364,16633.7717009979,6549.64664170861,2991.06597616196,2385.09803921578,1381.11526689497
0.161923847695391,67023.4614330456,33958.8693402781,17134.6043977835,6986.00403911011,3159.45854826464,2217.50730000551,1242.73891319569
0.162324649298597,64747.8835447488,33056.4322375756,16962.1078880438,7192.15686274499,3389.27614432252,2007.7255151651,1218.50949479389
0.162725450901804,60398.1185953938,31024.6313820679,16122.7860639824,7085.8512211938,3648.57690845384,1993.27345993063,1268.27303676877
0.16312625250501,55065.4788774221,28444.921779149,14907.6052229335,6778.2189128209,3830.08036331688,1809.69724776297,1197.80142225421
0.163527054108216,50597.6013275265,25856.2329372366,13512.1638585848,6238.41179518746,3988.04780876476,1699.21231674431,1196.47058823522
0.163927855711423,50587.1314612725,25590.9901454882,13009.0027700835,5680.23541262783,3773.66348751645,1770.43889068818,1196.47058823524
0.164328657314629,46663.5512171963,24351.7073332068,12915.5189877784,5394.11764706434,3587.88897472853,1934.18344126761,1256.22828183367
0.164729458917836,39882.6812982732,20912.2257491847,11189.2745246964,5394.11764705655,3294.51454242545,2034.44016151095,1216.65952184778
0.165130260521042,33608.473652704,17707.2671094655,9551.27898407101,4798.99526183591,3025.67195090221,2186.33986928136,1233.61114955813
0.165531062124249,28425.1124739631,14992.3330095156,8052.27074314757,4118.25742339916,2991.03585657357,2167.80439064922,1374.28675668351
0.165931863727455,24998.8148850224,13047.0163250238,6897.18134416983,3530.78627408065,2796.03479117599,2031.96519881627,1395.88235294112
0.166332665330661,28745.1933784535,14231.3794922475,6807.76021672457,3001.6624565244,2491.05952792468,1961.59516817357,1294.19635976977
0.166733466933868,31752.1172284557,15989.9892295246,7805.46123413955,2803.37712301976,2158.30092212713,1802.91145412066,1198.86396992439
0.167134268537074,32751.62700236,16760.3802821209,8405.81717449407,3221.34131483761,1825.98526344655,1608.99744285641,1196.47058823539
0.167535070140281,32798.4451292705,16794.0872829297,8605.95567865925,3601.02939936777,1656.05157191768,1590.06535947712,1194.98195296664
0.167935871743487,32798.4451292705,16794.0872829297,8605.95567868329,3795.86056644998,1955.01078288968,1589.08534279115,1073.58750744327
0.168336673346693,32793.0722832131,16794.0872829297,8605.9556786616,3795.86056644998,2152.23421844804,1386.99138417821,1023.1954527854
0.1687374749499,31645.9881969811,16509.6905970729,8573.59166070771,3795.86056644998,2193.42629482005,1390.96102060717,1093.56820262018
0.169138276553106,27651.5678768269,14470.2729268257,7907.98576748522,3778.07468012283,2193.42629482035,1201.94359965735,1000.61844315623
0.169539078156313,26998.7200760245,13595.2135148929,7048.65491857896,3556.31375063521,2193.4262948219,1176.3792946658,995.947222571963
0.169939879759519,26943.4299395596,13570.1537389567,7004.84764542208,3086.86174264005,2193.4262948217,1072.80781536161,867.183976138324
0.170340681362725,21498.8357208006,11576.4612185267,6579.12164962514,2996.73202616185,2016.23402007468,1192.54901960772,824.409636868147
0.170741482965932,16253.0370825711,8780.01597572386,5150.93176615224,2996.73202614802,1794.62151394343,1305.91005876521,977.909018419883
0.171142284569138,11776.2533112151,6423.12346933602,3842.82902244253,2368.85116867401,1794.62151394471,1391.30718954301,997.05882352942
0.171543086172345,8968.36369820625,4798.31065226769,2850.25814982974,1906.07293060348,1794.62151394471,1391.30718954237,1047.45728732222
0.171943887775551,8599.59232042798,4398.45143123569,2401.66204984008,1398.47494553366,1428.32921510144,1391.30718954237,1169.09453000108
0.172344689378758,8599.59232042798,4398.45143123023,2401.66204983527,1198.69281045302,1150.62695677512,1358.0875618275,1170.08469572295
0.172745490981964,8599.59232042798,4398.45143117741,2401.66204984591,1198.69281045391,974.641336250101,1203.21588405526,1043.83070854931
0.17314629258517,8599.59232042798,4398.45143133763,2401.66204984787,1198.69281045295,791.864340897883,1192.54901960779,997.05882352942
0.173547094188377,8599.59232042798,4398.45143125247,2401.66204988026,1198.69281046202,598.207171315632,1192.54901960781,997.058823529468
0.173947895791583,8599.59232042798,4398.45143121604,2401.66204986002,1198.69281045497,598.207171313536,1013.28359474152,997.058823529282
0.17434869739479,8599.59232042798,4398.45143129463,2401.66204983938,1198.69281045677,598.207171315852,902.549409348122,906.206260609135
0.174749498997996,8599.59232042798,4398.45143118044,2401.6620498544,1198.69281045781,598.20717131393,749.368939814257,797.647058823527
0.175150300601202,8599.59232042798,4398.45143128245,2401.66204985662,1198.69281045311,598.207171315169,596.274509803927,765.244336416962
0.175551102204409,8589.17284348562,4398.45143118822,2401.66204985759,1198.69281045971,598.207171313749,596.274509803397,631.013349803038
0.175951903807615,7422.55190845376,4317.35878953479,2392.05756062661,1198.69281045648,598.207171315852,596.274509803752,598.235294117585
0.176352705410822,3979.46951956457,2462.790885895,1676.02515591089,1198.69281045826,598.207171313008,784.671148815184,715.329540983466
0.176753507014028,992.182046546867,1147.12529434169,856.782450392024,940.905809416962,598.207171313253,795.032679738172,797.647058823527
0.177154308617234,0,0,260.171280609565,572.660403959606,598.207171315286,795.032679738913,802.607704560209
0.177555110220441,0,0,55.2607704865208,250.488620059379,545.562162702556,795.032679738975,860.576456690935
0.177955911823647,0,0,0,11.2708104699332,335.169714581944,795.03267973867,969.376353915978
0.178356713426854,0,0,0,0,77.9469296672854,795.032679738898,983.252628911554
0.17875751503006,0,0,0,0,0,616.620342821908,835.93346819385
0.179158316633267,0,0,0,0,0,596.274509804099,797.647058823527
0.179559118236473,0,0,0,0,0,596.274509803855,797.647058823527
0.179959919839679,0,0,0,0,0,549.657573701545,797.647058823527
0.180360721442886,0,0,0,0,0,406.471540084199,775.471122622718
0.180761523046092,0,0,0,0,0,337.785998233766,612.7529449286
0.181162324649299,0,0,0,0,0,201.787554171394,598.235294117585
0.181563126252505,0,0,0,0,0,198.758169934748,557.255022496161
0.181963927855711,0,0,0,0,0,198.758169934748,420.06723622418
0.182364729458918,0,0,0,0,0,198.758169934498,415.078609628276
0.182765531062124,0,0,0,0,0,198.758169934427,453.905876572788
0.183166332665331,0,0,0,0,0,198.758169934463,592.153500646455
0.183567134268537,0,0,0,0,0,198.758169934748,598.235294117778
0.183967935871744,0,0,0,0,0,198.758169934575,598.235294117588
0.18436873747495,0,0,0,0,0,198.758169934748,598.235294117638
0.184769539078156,0,0,0,0,0,198.758169934748,598.235294117592
0.185170340681363,0,0,0,0,0,198.758169934493,598.235294117755
0.185571142284569,0,0,0,0,0,198.758169934748,598.235294117585
0.185971943887776,0,0,0,0,0,197.563521487695,595.758718920695
0.186372745490982,0,0,0,0,0,107.387472002904,488.763912483778
0.186773547094188,0,0,0,0,0,0,398.823529411876
0.187174348697395,0,0,0,0,0,0,394.761919091743
0.187575150300601,0,0,0,0,0,0,333.77923415516
0.187975951903808,0,0,0,0,0,0,232.209657076266
0.188376753507014,0,0,0,0,0,0,199.411764705884
0.18877755511022,0,0,0,0,0,0,199.411764705942
0.189178356713427,0,0,0,0,0,0,199.411764705942
0.189579158316633,0,0,0,0,0,0,199.411764705921
0.18997995991984,0,0,0,0,0,0,199.41176470594
0.190380761523046,0,0,0,0,0,0,199.411764705814
0.190781563126253,0,0,0,0,0,0,199.411764706067
0.191182364729459,0,0,0,0,0,0,199.411764705906
0.191583166332665,0,0,0,0,0,0,199.411764705776
0.191983967935872,0,0,0,0,0,0,199.411764705738
0.192384769539078,0,0,0,0,0,0,199.411764705942
0.192785571142285,0,0,0,0,0,0,151.471499362879
0.193186372745491,0,0,0,0,0,0,41.5942642537905
0.193587174348697,0,0,0,0,0,0,8.44967672159276
0.193987975951904,0,0,0,0,0,0,0
0.19438877755511,0,0,0,0,0,0,0
0.194789579158317,0,0,0,0,0,0,0
0.195190380761523,0,0,0,0,0,0,0
0.195591182364729,0,0,0,0,0,0,0
0.195991983967936,0,0,0,0,0,0,0
0.196392785571142,0,0,0,0,0,0,0
0.196793587174349,0,0,0,0,0,0,0
0.197194388777555,0,0,0,0,0,0,0
0.197595190380762,0,0,0,0,0,0,0
0.197995991983968,0,0,0,0,0,0,0
0.198396793587174,0,0,0,0,0,0,0
0.198797595190381,0,0,0,0,0,0,0
0.199198396793587,0,0,0,0,0,0,0
0.199599198396794,0,0,0,0,0,0,0
0.2,0,0,0,0,0,0,0
